ExportID,Units Sold, unit_price , Profit per unit , Export Value ,Destination Port,Transportation Mode
92e4d0ee-80e7-4ca2-8091-b52c40f41130,721,"$31,443.05 ","$5,863.92 ","$22,670,439.05 ",Lagos,Sea
90683409-e7ec-4f44-ae35-dee97fd6875d,881,"$23,151.97 ","$5,868.73 ","$20,396,885.57 ",Lagos,Sea
c6a78351-4a7a-48fa-a027-599793414fc0,702,"$18,536.45 ","$5,105.01 ","$13,012,587.90 ",Calabar,Sea
b089df4d-c9ad-474f-a002-f42f5b5b253e,191,"$21,981.31 ","$7,781.54 ","$4,198,430.21 ",Warri,Sea
927e64b9-5e96-4605-8f58-a7454ceaa350,373,"$13,415.94 ","$9,590.95 ","$5,004,145.62 ",Lagos,Sea
11a9f8b1-8779-4c8d-b14e-ebef7119182d,593,"$44,749.95 ","$4,498.48 ","$26,536,720.35 ",Lagos,Sea
c4357dee-74d7-4c6f-b81c-7b25587a1e44,142,"$21,985.66 ","$5,963.85 ","$3,121,963.72 ",Lagoss,Sea
1816fe28-c74a-4795-9b47-2dfba9719c72,990,"$16,931.73 ","$3,464.19 ","$16,762,412.70 ",Calabar,Sea
6885fca8-adcc-49c3-b802-d7fe90e3bf65,606,"$17,896.94 ","$5,326.45 ","$10,845,545.64 ",Lagos,Sea
9b7aa91e-7308-4bbb-9183-f99eb825fda9,900,"$42,463.53 ","$5,468.54 ","$38,217,177.00 ",Lagos,Sea
8e936948-878d-4e3f-accf-55a5f5e183fe,192,"$23,536.16 ","$2,812.83 ","$4,518,942.72 ",Lagos,Sea
8f707b22-cc10-4e5e-ba14-81cca244aea3,566,"$15,516.87 ","$3,043.78 ","$8,782,548.42 ",Warri,Sea
e7f07bda-ac69-4833-b8d1-8ce99c5d3bde,220,"$37,731.49 ","$5,466.27 ","$8,300,927.80 ",Warri,Sea
e1d59df2-6713-4c76-8db8-c9d9cad20052,963,"$29,641.10 ","$7,617.73 ","$28,544,379.30 ",Cabalar,Sea
4b7e68e5-a2b9-4284-beba-fe9237ed4f73,700,"$24,041.35 ","$3,922.05 ","$16,828,945.00 ",Lagos,Sea
3150556e-f066-40b3-9c93-b6cbad862854,341,"$20,126.79 ","$5,442.89 ","$6,863,235.39 ",Calabar,Sea
55fa85dd-407d-478d-8a3a-62e7a1d2350d,250,"$27,849.16 ","$4,734.07 ","$6,962,290.00 ",Lagos,Sea
782cf74d-57fc-4f89-95c0-addb162418aa,641,"$22,151.23 ","$9,884.51 ","$14,198,938.43 ",Port Harcourt,Sea
b12fecbb-c6f7-4b17-9ffd-64ff3d7d5690,393,"$23,647.19 ","$5,405.19 ","$9,293,345.67 ",Lagos,Sea
fb98b7c5-027d-4951-b808-fd0e0bc89148,592,"$32,644.13 ","$7,497.09 ","$19,325,324.96 ",Lagos,Sea
29c2de33-627b-4a25-9920-6b00fd7fd02b,194,"$24,659.84 ","$5,943.96 ","$4,784,008.96 ",Port Harcourt,Sea
f4bf066f-37f6-4a0e-ad8f-f1587dafa5de,438,"$43,305.68 ","$9,195.72 ","$18,967,887.84 ",Lagos,Sea
dcf959af-afa7-4c7a-9c2a-8206c6c5c691,347,"$11,714.81 ","$2,929.83 ","$4,065,039.07 ",Lagos,Sea
050341f6-ab9f-4da8-abf9-4759b9d0910d,238,"$31,839.65 ","$8,488.97 ","$7,577,836.70 ",Lagos,Sea
1a48cdcf-971f-4864-aeed-b3bb2c7dbec4,246,"$39,938.99 ","$9,327.05 ","$9,824,991.54 ",Lagos,Sea
722e0d83-2b22-413a-af81-a081c116f5ce,930,"$40,089.03 ","$8,651.12 ","$37,282,797.90 ",Port Harcourt,Sea
76efb2bd-8cb0-4762-9eac-0f64bfca86f0,218,"$34,380.18 ","$5,264.59 ","$7,494,879.24 ",Lagos,Sea
4368ea88-5a10-44a9-947b-bf5ffd71df6e,981,"$39,948.71 ","$5,611.36 ","$39,189,684.51 ",Warri,Sea
7436bf33-3506-44f8-8a94-d894f8cbc43c,449,"$22,573.52 ","$5,849.58 ","$10,135,510.48 ",Lagos,Sea
62e1b3bd-f7c8-4394-bd1e-9324e4b3bd2a,256,"$34,710.58 ","$6,530.19 ","$8,885,908.48 ",Lagos,Sea
6131a53f-5b30-45a3-b9b9-98bc5ffaaea2,309,"$36,171.20 ","$5,485.99 ","$11,176,900.80 ",Lagos,Sea
5d0d2f34-74fe-4c92-ab7c-8617dd63c357,316,"$33,608.72 ","$8,153.51 ","$10,620,355.52 ",Pot Harcourt,Sea
293602be-1035-42a8-a824-2fbdf36b73f2,519,"$46,462.39 ","$7,563.66 ","$24,113,980.41 ",Calabar,Sea
9a09a1ae-beeb-487d-9d30-bb83046da2df,987,"$38,561.50 ","$9,018.41 ","$38,060,200.50 ",Lagos,Sea
b16a4c98-ac71-41c5-bece-55e8cc104a61,536,"$10,387.59 ","$9,458.22 ","$5,567,748.24 ",Lagos,Sea
ac1f9067-9f28-447b-86a4-b98d8c3942e9,997,"$32,753.28 ","$8,951.58 ","$32,655,020.16 ",Calabar,Sea
8ea0a55a-74a6-48b3-bdb3-fb357f7d8220,408,"$39,571.27 ","$5,584.52 ","$16,145,078.16 ",Lagos,Sea
3793ef9d-1154-44a0-8f8e-1d9330f2f26a,227,"$14,985.53 ","$2,169.04 ","$3,401,715.31 ",Lagos,Sea
a5ee3376-bdc1-42f6-8683-2a081b989716,273,"$29,358.38 ","$5,452.34 ","$8,014,837.74 ",Warri,Sea
385ea5bf-b5cb-4d0a-a289-ac6ea5836bcc,494,"$30,668.78 ","$5,725.02 ","$15,150,377.32 ",Lagos,Sea
6d7ff5e5-62f4-430d-a4a9-c8e21b975385,537,"$48,105.59 ","$5,191.38 ","$25,832,701.83 ",Lagos,Sea
f87e826b-7633-4ba2-aecc-a7812884cf68,360,"$25,462.65 ","$9,477.39 ","$9,166,554.00 ",Lagos,Sea
60c2b809-c566-429e-9ab6-20cf7957299f,698,"$36,248.77 ","$3,758.47 ","$25,301,641.46 ",Lagos,Sea
8f4a37cc-f27d-49f5-b893-c9292862b873,988,"$28,860.10 ","$3,599.16 ","$28,513,778.80 ",Port Harcourt,Sea
8d63c82a-7da8-45b5-aa89-46e86094362e,482,"$34,497.66 ","$2,071.13 ","$16,627,872.12 ",Port Harcourt,Sea
66e84e31-bd73-4612-b788-5ef233917b49,933,"$21,358.84 ","$5,191.57 ","$19,927,797.72 ",Lagos,Sea
6a4abfb1-d0bf-482b-8499-60c61f2f5812,409,"$48,643.45 ","$3,745.48 ","$19,895,171.05 ",Lagos,Sea
7ba158ec-8b85-4cb9-941d-32eed9c0a25b,187,"$26,876.43 ","$7,122.88 ","$5,025,892.41 ",Port Harcourt,Sea
ccf8373f-07ad-44d3-af04-b7cbd4a01d2a,640,"$37,592.20 ","$7,882.03 ","$24,059,008.00 ",Lagos,Sea
a95af224-a43f-4f43-98ab-920a81228d0a,985,"$22,041.82 ","$9,336.12 ","$21,711,192.70 ",Pot Harcourt,Sea
9e1472f4-2717-48c0-9227-85d4ba2f0733,746,"$11,537.24 ","$4,261.71 ","$8,606,781.04 ",Calabar,Sea
5ea510c0-7fa2-4c43-a4ed-b85d24cfe85e,184,"$11,548.45 ","$4,562.51 ","$2,124,914.80 ",Port Harcourt,Sea
b2359dff-18cf-4db5-acdc-83bdc13b1465,610,"$39,943.95 ","$7,608.70 ","$24,365,809.50 ",Lagos,Sea
de866c83-1098-4c4d-9abc-4e523f84b578,945,"$20,163.08 ","$5,019.62 ","$19,054,110.60 ",Lagos,Sea
a607fc19-d5cb-4ee1-8086-e89d872a1920,864,"$40,976.45 ","$3,472.61 ","$35,403,652.80 ",Lagos,Sea
9fa293ce-1fba-44a7-a704-ea15db24cd88,346,"$45,825.21 ","$2,333.75 ","$15,855,522.66 ",Warri,Sea
cd37ed31-df41-4222-a89d-4b9a0b83edd0,617,"$11,446.76 ","$6,752.01 ","$7,062,650.92 ",Calabar,Sea
0efd6cff-5394-4178-bc73-a28a162d7f10,511,"$28,130.25 ","$9,295.18 ","$14,374,557.75 ",Lagos,Sea
b374551c-a242-4562-96c4-252675774561,493,"$26,013.72 ","$5,430.98 ","$12,824,763.96 ",Port Harcourt,Sea
e0a6d747-a661-4a83-8b37-2bb168a0f7fa,554,"$40,655.79 ","$3,828.59 ","$22,523,307.66 ",Port Harcourt,Sea
3feba1ee-15ab-4714-9c04-6d4dad9704b1,594,"$47,688.67 ","$9,913.49 ","$28,327,069.98 ",Lagos,Sea
bfd8ab16-5bb2-489f-8a3a-e8aeeb77cc76,307,"$20,303.59 ","$7,637.18 ","$6,233,202.13 ",Lagos,Sea
5e348c55-2220-4337-a5cc-30ddd93d0d47,456,"$21,633.60 ","$4,135.44 ","$9,864,921.60 ",Calabar,Sea
4b058ea1-5276-4203-bc49-ed91c3c217b1,363,"$21,256.72 ","$4,413.29 ","$7,716,189.36 ",Lagos,Sea
04e80a7b-7988-4cdc-b5d9-2abc94fa58c4,337,"$12,898.06 ","$2,443.40 ","$4,346,646.22 ",Lagos,Sea
2dd24095-1ef7-4d4f-80ec-08a1f2ae7cc8,253,"$10,966.93 ","$2,635.20 ","$2,774,633.29 ",Port Harcourt,Sea
ac7bd34f-afa1-4725-9164-567f4783871a,631,"$30,503.36 ","$9,796.94 ","$19,247,620.16 ",Lagos,Sea
026c5546-e344-463a-8141-be6388a0cf5d,227,"$18,867.01 ","$9,051.29 ","$4,282,811.27 ",Lagos,Sea
c92b49e9-fb43-4a4c-9ddc-b0158efd2938,494,"$29,181.06 ","$2,446.06 ","$14,415,443.64 ",Lagos,Sea
b40c1cfd-63a4-4592-8b17-c9a25b442df4,911,"$24,589.63 ","$5,784.62 ","$22,401,152.93 ",Calabar,Sea
5d4ad705-ccd5-45ac-a1ac-fc94a6f6af56,172,"$19,594.66 ","$9,712.00 ","$3,370,281.52 ",Warri,Sea
a72a44f2-0987-4fb6-9f0f-1db423f7554a,651,"$10,926.40 ","$2,904.18 ","$7,113,086.40 ",Warri,Sea
9f428a7a-ab98-423c-8d2d-2c56e0859283,238,"$28,152.42 ","$8,234.85 ","$6,700,275.96 ",Lagos,Sea
95d4821f-9709-43ba-a1c2-200c5e463a78,112,"$37,672.07 ","$5,265.33 ","$4,219,271.84 ",Lagos ,Sea
2fa84bf8-a7b1-4443-8d21-a83d5bc3c539,118,"$22,796.67 ","$4,784.42 ","$2,690,007.06 ",Lagos,Sea
628b031f-3d49-4454-976c-d81d8cbdf4d5,115,"$37,857.65 ","$2,928.51 ","$4,353,629.75 ",Port Harcourt,Sea
7f0f09d1-2e0c-46f2-9cfc-c0620d105928,999,"$20,493.76 ","$8,990.87 ","$20,473,266.24 ",Warri,Sea
795e7f7d-ccbc-489b-ba6f-cde79c194605,189,"$32,429.66 ","$5,579.11 ","$6,129,205.74 ",Lagos,Sea
730947e3-fefb-4666-b2e8-9aff10027f9e,371,"$15,691.82 ","$6,331.62 ","$5,821,665.22 ",Lagos,Sea
2b345539-8b9a-430b-8f02-7ed5e9c02d42,367,"$41,045.83 ","$2,057.84 ","$15,063,819.61 ",Port Harcourt,Sea
2a87306f-2e21-4554-a275-249419270d2e,284,"$34,203.29 ","$5,562.73 ","$9,713,734.36 ",Lagos,Sea
36b1601a-98ee-4b97-a3f5-2449e0c9e990,484,"$19,067.80 ","$3,327.57 ","$9,228,815.20 ",Calabar,Sea
3a7429bb-6b03-41b3-b9a8-09b7ab57f894,671,"$47,059.63 ","$2,744.68 ","$31,577,011.73 ",Port Harcourt,Sea
17b9bf63-46b6-4e34-81c3-e157411f9751,671,"$23,316.71 ","$3,376.13 ","$15,645,512.41 ",Lagos,Sea
4a8f5840-ce3d-4f76-b4b1-22df7e899f3d,604,"$26,272.25 ","$3,836.47 ","$15,868,439.00 ",Lagos,Sea
391d87bf-4155-4ebc-a281-7ba55cb3562d,390,"$42,865.76 ","$8,235.34 ","$16,717,646.40 ",Lagos,Sea
fc6a7cb3-1995-4e0d-9085-6c47345f1359,444,"$25,730.68 ","$5,539.83 ","$11,424,421.92 ",Lagos,Sea
9547bd01-e959-440f-b7ad-07fa0a901eef,667,"$20,963.97 ","$8,605.95 ","$13,982,967.99 ",Calabar,Sea
da1764fa-bc59-4b07-88c0-e826a20aca8d,272,"$13,913.40 ","$8,925.23 ","$3,784,444.80 ",Lagos,Sea
c7df8d9e-161b-410b-8b0c-17154d6594e2,340,"$26,117.99 ","$2,018.73 ","$8,880,116.60 ",Lagos,Sea
7db8c955-a4fc-4536-819c-c155de01bf2d,359,"$39,185.03 ","$5,876.48 ","$14,067,425.77 ",Warri,Sea
e8bb22d2-ef63-4534-8c31-d61c1243f511,895,"$44,627.31 ","$6,484.53 ","$39,941,442.45 ",Calabar,Sea
09b1d862-2790-4d5c-9d1f-05758ff5147b,805,"$18,006.64 ","$5,923.04 ","$14,495,345.20 ",Port Harcourt,Sea
5bfb8331-1137-4080-8370-eb8ecfa425ef,711,"$33,178.93 ","$7,017.84 ","$23,590,219.23 ",Lagos,Sea
f522b38d-1e97-42e9-aeb4-27eb8bcc60ef,785,"$19,604.00 ","$4,682.57 ","$15,389,140.00 ",Lagos,Sea
93b3632b-b480-449f-aea0-5ead3083cccd,573,"$25,825.90 ","$5,873.67 ","$14,798,240.70 ",Lagos,Sea
ea72fc86-fe5e-4c2f-ac90-ecf45d0fe99e,329,"$37,602.34 ","$5,086.95 ","$12,371,169.86 ",Lagos,Sea
e4a68d8a-9343-46cd-9509-f298f5dc9876,547,"$40,318.72 ","$3,455.24 ","$22,054,339.84 ",Calabar,Sea
a099b0e5-704c-4701-90d4-0581f63ffbdf,346,"$45,875.11 ","$3,490.75 ","$15,872,788.06 ",Lagos,Sea
d748d89d-038b-4059-9cf4-6e3c38cdc483,815,"$12,663.48 ","$6,749.30 ","$10,320,736.20 ",Port Harcourt,Sea
0a88ed08-caaf-422e-a37d-3ce12dbdc112,386,"$21,185.94 ","$4,796.95 ","$8,177,772.84 ",Lagos,Sea
bdee2c0a-55af-4a0e-8e4d-3c17f24a915e,558,"$42,069.64 ","$4,852.43 ","$23,474,859.12 ",Lagos,Sea
6795f823-1a2c-4241-aed1-8e2fa1363aa6,275,"$18,649.39 ","$2,111.99 ","$5,128,582.25 ",Lagos,Sea
ec568c59-0718-4e34-9b99-90f1c77b690b,359,"$38,635.31 ","$6,945.16 ","$13,870,076.29 ",Lagos,Sea
4a298731-20c2-45fe-8b3f-29e5563db68f,540,"$45,317.85 ","$7,712.76 ","$24,471,639.00 ",Warri,Sea
198e6d83-92be-442d-98af-20075829e871,245,"$22,058.15 ","$9,141.05 ","$5,404,246.75 ",Port Harcourt,Sea
5dcb0ea3-d2fa-426e-a871-8a8e081ff344,151,"$29,521.86 ","$9,423.51 ","$4,457,800.86 ",Lagos,Sea
5dcc555e-fd83-4d1c-a52d-2db3075541f0,157,"$11,352.41 ","$6,556.99 ","$1,782,328.37 ",Lagos,Sea
54be6145-d5fb-42f3-9ffa-1d7e4d7bd8ca,711,"$30,663.26 ","$3,202.33 ","$21,801,577.86 ",Lagos,Sea
b8008347-2887-47fa-90cb-f3cd633a1d46,340,"$12,752.48 ","$2,678.21 ","$4,335,843.20 ",Lagos,Sea
dff67a68-3bac-434f-beab-12eb21600fac,115,"$45,869.90 ","$7,995.95 ","$5,275,038.50 ",Lagos,Sea
f074cf9c-ec63-4775-b636-ccda859a842c,627,"$34,746.28 ","$9,410.62 ","$21,785,917.56 ",Lagos,Sea
ebba9d7c-2f0d-4e1d-9abb-dda413f34b73,844,"$34,836.78 ","$2,564.43 ","$29,402,242.32 ",Lagos,Sea
4b885c55-dbb6-4d82-a28f-48e5bbdf5d70,476,"$46,857.65 ","$3,468.63 ","$22,304,241.40 ",Lagos,Sea
e456393c-ed85-4b95-81e2-3be83c25d044,199,"$46,862.07 ","$7,340.80 ","$9,325,551.93 ",Calabar,Sea
a906e3e5-88c7-4902-aeba-833f24493dac,279,"$13,571.23 ","$9,897.25 ","$3,786,373.17 ",Calabar,Sea
b8f03f23-96fc-4b76-bf00-ee7da4854f3a,332,"$42,678.90 ","$2,935.51 ","$14,169,394.80 ",Lagos,Sea
683550f7-daed-403d-8527-55a7b6f33cf3,769,"$32,821.57 ","$8,150.57 ","$25,239,787.33 ",Lagos,Sea
bbf6f5b3-b49f-466f-acc1-027bab017939,413,"$47,019.51 ","$3,971.94 ","$19,419,057.63 ",Lagos,Sea
51502ce3-f61f-45ac-827e-d5d972cd9c0f,221,"$49,351.36 ","$5,461.08 ","$10,906,650.56 ",Lagos,Sea
d84414df-614a-4614-95f6-8f2603c974a7,103,"$12,852.20 ","$8,992.50 ","$1,323,776.60 ",Lagos,Sea
13044900-20ed-4402-bfdc-3c78e71023da,936,"$17,721.41 ","$9,564.42 ","$16,587,239.76 ",Lagos,Sea
e414fbae-b122-4ac2-8779-092c1639f826,762,"$31,063.94 ","$8,486.77 ","$23,670,722.28 ",Lagos,Sea
d688b537-0ced-470f-adf0-9249903a0ec5,377,"$38,436.41 ","$7,116.02 ","$14,490,526.57 ",Lagos,Sea
d0109f78-0a8b-4bfc-a78c-0dd97e4414dc,396,"$28,963.42 ","$9,765.76 ","$11,469,514.32 ",Calabar,Sea
bcd3bcef-938a-4be8-8194-c58580d80e58,810,"$25,588.62 ","$3,915.42 ","$20,726,782.20 ",Port Harcourt,Sea
6135497a-102c-4986-960a-8fdd6ea69d5e,166,"$33,789.42 ","$7,069.44 ","$5,609,043.72 ",Lagos,Sea
89760438-fa87-4e0b-a772-a59c3f69aeb5,613,"$24,452.58 ","$6,241.25 ","$14,989,431.54 ",Lagos,Sea
ce15366f-f9e9-4f3a-81a8-cce1b5485105,567,"$20,951.06 ","$4,547.67 ","$11,879,251.02 ",Lagos,Sea
19aa47e3-00b0-4052-81a1-3a5d5feb7cee,630,"$33,495.61 ","$4,141.31 ","$21,102,234.30 ",Lagos,Sea
4f300428-d5b5-48ad-a8ac-f1f58fb504e1,779,"$41,434.90 ","$4,902.39 ","$32,277,787.10 ",Lagos,Sea
aadf87cc-1cc8-4a0b-8f27-3a571aaba432,310,"$27,530.43 ","$2,895.68 ","$8,534,433.30 ",Lagos,Sea
f2d79f6d-bda2-425e-bbdf-8780c3ed6ff4,755,"$25,170.32 ","$6,920.42 ","$19,003,591.60 ",Lagos,Sea
5833bf73-cae9-494a-89dc-06a7344ca101,775,"$33,127.43 ","$2,179.18 ","$25,673,758.25 ",Port Harcourt,Sea
6e7c49f8-e20a-4eaa-b7bc-b7d3c1f9c0bc,474,"$10,811.43 ","$3,362.61 ","$5,124,617.82 ",Lagos,Sea
6d1404ac-7610-47fa-b499-1ca9f690c2da,147,"$21,580.37 ","$5,867.99 ","$3,172,314.39 ",Lagos,Sea
6d1993b8-362c-4c2f-a723-9fc7cdd37b8e,662,"$31,310.98 ","$6,516.40 ","$20,727,868.76 ",Lagos,Sea
780a9f74-a0f9-4c41-943d-0e1db5361bcf,283,"$24,034.10 ","$8,798.82 ","$6,801,650.30 ",Lagos,Sea
fdaed275-d31f-465c-93b7-95039461b015,676,"$22,251.72 ","$5,992.39 ","$15,042,162.72 ",Lagos,Sea
26092a5f-9999-4dff-b6a9-c499eaf78185,948,"$14,062.61 ","$7,842.17 ","$13,331,354.28 ",Warri,Sea
3e613f42-31fa-487d-80bf-4bde4b3e8d71,158,"$24,848.97 ","$5,426.09 ","$3,926,137.26 ",Port Harcourt,Sea
83843946-848d-4649-908e-82598c3d4191,907,"$17,899.88 ","$6,976.49 ","$16,235,191.16 ",Lagos,Sea
fec3a9ef-7bdb-4510-abac-6aff08459bc6,737,"$19,643.30 ","$9,374.93 ","$14,477,112.10 ",Lagos,Sea
901c267a-4469-4fb7-8085-51f1b2b1c3cb,736,"$19,997.90 ","$8,920.82 ","$14,718,454.40 ",Lagos,Sea
0b4b607a-1110-456a-b57b-3c90e31b7f26,167,"$24,405.81 ","$5,557.46 ","$4,075,770.27 ",Lagos,Sea
1015099f-e235-48cc-a38a-8b0a2e7c0bb7,603,"$25,715.79 ","$9,586.46 ","$15,506,621.37 ",Port Harcourt,Sea
96d2b35b-7433-471b-bdf4-bd2597a9981b,576,"$49,473.14 ","$6,506.39 ","$28,496,528.64 ",Lagos,Sea
3a3a01a7-022e-4750-8341-e75f756947ee,696,"$40,906.92 ","$5,413.24 ","$28,471,216.32 ",Lagos,Sea
ae12a57a-460d-47f3-a2f5-3656dd697554,312,"$29,465.29 ","$8,310.14 ","$9,193,170.48 ",Lagos,Sea
4e390120-5210-4aba-86e7-a30c3c03ca09,906,"$32,575.54 ","$9,617.59 ","$29,513,439.24 ",Lagos,Sea
f178d281-71ca-4632-9e77-1475658e0a06,290,"$40,212.78 ","$6,892.54 ","$11,661,706.20 ",Port Harcourt,Sea
76be7f07-f385-4eba-8ee7-d64dd83ee4f9,292,"$27,482.77 ","$3,727.66 ","$8,024,968.84 ",Lagos,Sea
e4432843-0f3a-4c92-be80-b973f913492a,615,"$29,388.41 ","$4,431.20 ","$18,073,872.15 ",Lagos,Sea
aa78f751-68ca-47e2-9c19-9d75a7870ea6,893,"$13,305.27 ","$7,510.66 ","$11,881,606.11 ",Warri,Sea
6efa31a0-33d2-42f3-9e5e-9184dd696f0d,304,"$40,982.46 ","$9,884.64 ","$12,458,667.84 ",Lagos,Sea
ad923905-240e-4b60-b973-80aa0333c7b6,856,"$38,044.13 ","$2,728.58 ","$32,565,775.28 ",Lagos,Sea
04114724-abf9-4d50-985b-6d08c94f161d,595,"$30,005.57 ","$7,039.46 ","$17,853,314.15 ",Lagos,Sea
24beb662-3781-483c-8c64-1d9e0e885d22,442,"$18,782.89 ","$5,559.47 ","$8,302,037.38 ",Port Harcourt,Sea
2a4a776b-aee5-4d15-842d-6e203a6cbad3,223,"$38,450.54 ","$9,971.93 ","$8,574,470.42 ",Lagos,Sea
e158f6a9-8679-4265-8f23-28001ddfb019,316,"$17,819.75 ","$9,927.80 ","$5,631,041.00 ",Lagos,Sea
34743f2c-c91e-46e2-bb5d-c156934b2368,366,"$37,718.55 ","$3,056.13 ","$13,804,989.30 ",Lagos,Sea
6d1bd744-735d-4ff6-abd3-9aab1b066c1c,196,"$39,859.20 ","$7,877.05 ","$7,812,403.20 ",Lagos,Sea
26b72a2e-e3bb-4065-ae16-ff4b875e9b4a,232,"$40,443.45 ","$8,390.75 ","$9,382,880.40 ",Port Harcourt,Sea
b3daab5e-c1e1-41c0-85ad-d71ed2bc95e6,181,"$42,649.85 ","$4,580.52 ","$7,719,622.85 ",Lagos,Sea
ff6dfd30-2c43-4f6e-97fd-af63431bcce8,990,"$36,777.32 ","$8,027.19 ","$36,409,546.80 ",Lagos,Sea
983c005c-519f-40c9-be5e-6ac8383429d2,401,"$29,722.65 ","$9,701.73 ","$11,918,782.65 ",Lagos,Sea
4fcec527-793c-4351-9f96-1c6098c1b841,631,"$13,405.98 ","$9,333.15 ","$8,459,173.38 ",Lagos,Sea
ec55cdca-f7bd-4e57-8b0d-7ec58ed4e547,175,"$15,018.73 ","$9,030.94 ","$2,628,277.75 ",Lagos,Sea
2820ff93-e802-43e8-ae13-56603c1bd3e0,737,"$43,567.37 ","$9,198.56 ","$32,109,151.69 ",Warri,Sea
d15c8a5d-c3c2-47bf-91f5-dc84a49abb0f,268,"$41,452.96 ","$9,960.67 ","$11,109,393.28 ",Port Harcourt,Sea
951ee0b0-1866-414e-9a4e-2808ba56a460,661,"$39,910.72 ","$6,227.46 ","$26,380,985.92 ",Calabar,Sea
a80c448f-40b7-400d-9b33-1e3335dc148d,907,"$42,974.87 ","$3,303.73 ","$38,978,207.09 ",Lagos,Sea
9470719b-fca3-48e6-a176-d12b1b19bf57,738,"$39,223.54 ","$9,221.45 ","$28,946,972.52 ",Warri,Sea
6d0d36b7-0ce3-472e-bbd5-14f7e0efca86,151,"$15,679.05 ","$8,708.71 ","$2,367,536.55 ",Warri,Sea
b9ddb114-725c-46f8-a5a0-d944d0e5729b,804,"$28,787.91 ","$8,809.98 ","$23,145,479.64 ",Warri,Sea
7b04944b-fa9d-4e22-ac07-dd4f9a393465,881,"$47,757.87 ","$6,806.86 ","$42,074,683.47 ",Port Harcourt,Sea
00b92ee1-9e03-49f2-a406-076379b1a644,141,"$44,054.32 ","$9,201.08 ","$6,211,659.12 ",Lagos,Sea
709f80d3-1ce7-43c2-9773-c24f7e60cd83,407,"$46,822.22 ","$6,834.45 ","$19,056,643.54 ",Calabar,Sea
408a289a-e3b6-4e22-b4a8-dfd8dc8534f8,864,"$37,353.61 ","$9,363.41 ","$32,273,519.04 ",Calabar,Sea
253e8b99-792b-484c-be2f-f6d73b4ba420,184,"$13,442.51 ","$6,666.22 ","$2,473,421.84 ",Lagos,Sea
a4c5b16f-9c68-4c03-b9cc-97024fa07d83,890,"$20,914.84 ","$7,851.32 ","$18,614,207.60 ",Lagos,Sea
7f166c7a-51a4-41c9-8116-a41b7ea9f32f,814,"$45,418.18 ","$2,352.81 ","$36,970,398.52 ",Lagos,Sea
5f280e85-54a2-4e63-adf9-43b51fceb333,999,"$16,092.91 ","$5,565.11 ","$16,076,817.09 ",Warri,Sea
9ee61211-3c8c-4fb4-b652-e51f8bd6672b,278,"$20,419.17 ","$5,664.55 ","$5,676,529.26 ",Warri,Sea
5fe5968e-2586-4504-a5a4-f1c662c9278e,267,"$17,307.30 ","$9,600.96 ","$4,621,049.10 ",Calabar,Sea
653f6800-2592-4c77-a812-0d5f08c33027,805,"$40,476.83 ","$9,454.84 ","$32,583,848.15 ",Port Harcourt,Sea
a6d1fc1a-827e-4164-a4c2-acb031f9c61e,568,"$39,056.87 ","$7,655.01 ","$22,184,302.16 ",Lagos,Sea
e2783bbf-ecb5-4380-b59c-ce995fac2a23,798,"$43,030.42 ","$5,718.02 ","$34,338,275.16 ",Port Harcourt,Sea
45e76436-4f76-4c3f-85fc-9174707d89cd,405,"$49,485.77 ","$8,763.98 ","$20,041,736.85 ",Warri,Sea
f420fff9-3104-4241-ab38-d9e6f6035ce7,347,"$17,266.35 ","$8,076.81 ","$5,991,423.45 ",Calabar,Sea
2fc52f65-4440-42ad-b67b-4ee7f3f79eb7,346,"$43,082.11 ","$9,731.66 ","$14,906,410.06 ",Lagos,Sea
f899ccc0-d379-4498-97a5-196fff720a9a,478,"$15,759.34 ","$9,407.02 ","$7,532,964.52 ",Lagos,Sea
df851f49-6642-4c34-ac45-a1f761237f5b,406,"$39,603.82 ","$5,227.59 ","$16,079,150.92 ",Lagos,Sea
d9de00c0-3d81-4162-bf36-b2cd4c085930,306,"$28,489.69 ","$5,983.88 ","$8,717,845.14 ",Lagos,Sea
71992482-680f-4468-a430-82984ccdbc73,673,"$20,247.87 ","$6,035.27 ","$13,626,816.51 ",Warri,Sea
d10ee2c0-cd07-4a92-a705-48d41a652f68,795,"$39,866.44 ","$8,970.09 ","$31,693,819.80 ",Port Harcourt,Sea
bf5ff570-d45f-4828-bcd7-82f0e42c4115,293,"$35,250.96 ","$4,432.89 ","$10,328,531.28 ",Lagos,Sea
d9a35b47-8905-4449-b4e4-06a01a35b7ad,679,"$35,641.08 ","$6,425.87 ","$24,200,293.32 ",Warri,Sea
632efaa0-a7d7-46e1-a7cc-f1dff4b383f4,331,"$27,941.06 ","$2,011.49 ","$9,248,490.86 ",Port Harcourt,Sea
82a76499-48d0-4fad-8ec5-47a87ed8e502,928,"$22,893.46 ","$4,425.03 ","$21,245,130.88 ",Lagos,Sea
26cbcd57-3956-40b9-b3ad-56e5bf3a04d9,706,"$35,409.89 ","$6,520.00 ","$24,999,382.34 ",Port Harcourt,Sea
69d572e0-bcaf-4b81-8196-7fbb8a1453ca,877,"$36,520.61 ","$6,211.19 ","$32,028,574.97 ",Lagos,Sea
f00669a6-9c11-450b-8020-b773c4763900,957,"$27,374.69 ","$9,259.27 ","$26,197,578.33 ",Calabar,Sea
bcc38d05-7995-431e-8e6e-6ca5816d28a7,766,"$13,513.38 ","$4,155.00 ","$10,351,249.08 ",Lagos,Sea
3f878544-2ada-4a1e-a8f4-1deee70e0b6b,223,"$41,689.96 ","$7,172.86 ","$9,296,861.08 ",Lagos,Sea
a2bd89b0-fdb2-4423-af9f-6375d46e2ba8,998,"$30,576.80 ","$2,142.19 ","$30,515,646.40 ",Lagos,Sea
7b7fa5a6-6222-47bd-a2ef-b1c19259a7d2,301,"$15,004.45 ","$9,281.36 ","$4,516,339.45 ",Lagos,Sea
98aba744-a330-42d3-a4a7-87c5b0f38284,757,"$33,275.53 ","$8,144.09 ","$25,189,576.21 ",Lagos,Sea
6dba4bd0-23b8-4d6c-9648-e2b46037ffd3,967,"$17,287.05 ","$9,822.65 ","$16,716,577.35 ",Lagos,Sea
2dd11621-e9b0-43db-92db-de19592ef153,531,"$16,488.41 ","$7,791.27 ","$8,755,345.71 ",Warri,Sea
1388e82b-4fdb-471e-a627-eba8a6896060,228,"$27,992.79 ","$4,627.45 ","$6,382,356.12 ",Calabar,Sea
eadeae8a-910d-4372-9ce3-e6f911edda08,846,"$35,637.29 ","$4,083.88 ","$30,149,147.34 ",Port Harcourt,Sea
5f8036d3-964c-48e8-883a-26fa3bfac07a,246,"$28,229.09 ","$2,527.76 ","$6,944,356.14 ",Lagos,Sea
dc3b040e-68f3-4a26-b0d2-9f42be8a034d,500,"$48,937.95 ","$2,835.78 ","$24,468,975.00 ",Lagos,Sea
ee7c3f68-e3f2-4e33-a32f-7568689a801b,662,"$39,462.23 ","$2,455.18 ","$26,123,996.26 ",Port Harcourt,Sea
2e604130-f0c5-4e30-8072-707a5fd25b04,166,"$21,132.81 ","$7,252.84 ","$3,508,046.46 ",Lagos,Sea
36400686-4927-4b04-9793-053a198911a9,113,"$44,959.45 ","$6,092.14 ","$5,080,417.85 ",Lagos,Sea
c3d570be-8120-49f0-bfa3-c1c7b21d7708,763,"$44,083.97 ","$2,597.65 ","$33,636,069.11 ",Warri,Sea
501c209a-6a3c-4fc6-a058-b6d643e0c290,319,"$26,580.33 ","$9,531.20 ","$8,479,125.27 ",Lagos,Sea
b77401e2-23aa-4e99-ac81-353f8fd540bf,167,"$22,070.13 ","$2,572.19 ","$3,685,711.71 ",Calabar,Sea
525daaf6-2717-4b9d-9544-851a11c9a91e,554,"$12,910.73 ","$6,115.26 ","$7,152,544.42 ",Lagos,Sea
1a9db676-9a32-4059-8ccf-f7b53310c19b,684,"$42,655.08 ","$4,144.40 ","$29,176,074.72 ",Lagos,Sea
f91dc6fa-82f6-4b1c-8438-b5eebb24820f,619,"$40,038.51 ","$7,040.64 ","$24,783,837.69 ",Port Harcourt,Sea
91f2d983-a526-4cdd-9545-e74a6ccb2843,520,"$25,128.16 ","$3,894.72 ","$13,066,643.20 ",Lagos,Sea
9766064b-bab6-4ab6-a8f9-c0aac7e7d86f,899,"$27,430.43 ","$9,404.06 ","$24,659,956.57 ",Calabar,Sea
c39a9113-62a0-46a9-b18a-d3da6cf49240,179,"$11,948.50 ","$8,565.61 ","$2,138,781.50 ",Lagos,Sea
f3cd3071-f70c-4afc-be7e-702122924393,481,"$28,731.34 ","$7,792.24 ","$13,819,774.54 ",Port Harcourt,Sea
0675b568-3991-4b4c-bec9-1b66d9896573,592,"$10,021.32 ","$7,255.38 ","$5,932,621.44 ",Lagos,Sea
f93da967-40f5-429e-8289-c7504a1487d3,339,"$45,625.14 ","$4,973.87 ","$15,466,922.46 ",Lagos,Sea
1d42ad09-b45c-491f-ad4a-74c1033a49bb,686,"$20,272.96 ","$8,833.63 ","$13,907,250.56 ",Lagos,Sea
a8a5126b-cc55-4464-82da-4fdd343c7bcc,787,"$28,262.15 ","$4,658.30 ","$22,242,312.05 ",Lagos,Sea
3cb8bc86-233b-4dc4-97d4-115e1605f3b7,807,"$18,090.87 ","$7,265.71 ","$14,599,332.09 ",Lagos,Sea
ba284543-c730-4cfe-ad19-7229911e4520,663,"$30,675.14 ","$2,723.64 ","$20,337,617.82 ",Port Harcourt,Sea
667c9cc9-705b-4678-8bef-e5d4e0d77ba9,561,"$12,953.71 ","$2,565.69 ","$7,267,031.31 ",Lagos,Sea
f409e3b1-2f54-4d32-bf26-457040aae96a,163,"$16,244.54 ","$9,874.64 ","$2,647,860.02 ",Lagos,Sea
5b124055-6b76-4ecd-9246-bc83ebd2fadc,467,"$17,621.38 ","$4,867.75 ","$8,229,184.46 ",Lagos,Sea
d2f97f29-779d-4a14-83f5-8f0c84df5846,211,"$16,085.40 ","$7,668.27 ","$3,394,019.40 ",Port Harcourt,Sea
9357329b-4d45-4be1-bb82-aeb030e80407,674,"$31,768.74 ","$3,973.93 ","$21,412,130.76 ",Lagos,Sea
b2d231e6-08af-46c1-b99a-d1f527ffd5b6,564,"$18,024.78 ","$9,857.87 ","$10,165,975.92 ",Lagos,Sea
a5e55157-4821-49b0-98bb-7e11c46ac954,856,"$25,955.18 ","$8,075.39 ","$22,217,634.08 ",Warri,Sea
73b84ef5-948e-4dad-bb9c-16af6d281cce,228,"$18,716.18 ","$5,460.56 ","$4,267,289.04 ",Calabar,Sea
f260714c-b096-45f3-a136-e17d41674bc2,413,"$13,305.43 ","$7,780.18 ","$5,495,142.59 ",Port Harcourt,Sea
4d0ba800-df5c-4818-9562-01e69adbe2af,780,"$16,243.24 ","$7,099.21 ","$12,669,727.20 ",Port Harcourt,Sea
cb1a4066-b6d9-44ea-97cb-05c19d85882f,951,"$18,275.44 ","$8,704.65 ","$17,379,943.44 ",Lagos,Sea
c07c890b-7f3e-4bc2-b530-c8cc37f163b0,385,"$49,366.58 ","$9,252.64 ","$19,006,133.30 ",Calabar,Sea
4a407383-c4aa-4259-930a-816df235af1a,182,"$11,360.04 ","$3,424.28 ","$2,067,527.28 ",Calabar,Sea
27bcd62d-5331-4f81-a7f4-275302f36680,322,"$44,206.36 ","$2,884.76 ","$14,234,447.92 ",Lagos,Sea
48050a47-74e0-4f62-9304-bdbfe00b461b,486,"$38,153.09 ","$9,878.35 ","$18,542,401.74 ",Warri,Sea
ab574f02-a267-4f80-9ef0-76f21da4c762,460,"$42,176.76 ","$2,762.91 ","$19,401,309.60 ",Lagos,Sea
f361acae-4cc9-427b-bb77-2039734bfa4c,450,"$47,731.60 ","$3,122.51 ","$21,479,220.00 ",Lagos,Sea
12b7e239-1be6-4b63-bc53-e188f6b29e58,931,"$44,314.68 ","$7,504.88 ","$41,256,967.08 ",Lagos,Sea
bbd3608c-4d5c-4831-9f74-adcb9049f51c,383,"$22,247.16 ","$2,470.18 ","$8,520,662.28 ",Lagos,Sea
684131e9-e12b-474b-9eaf-c0f487955321,229,"$10,532.67 ","$8,592.31 ","$2,411,981.43 ",Lagos,Sea
f770094d-a214-436b-a8b0-20ddb71a4d55,777,"$30,049.86 ","$4,993.55 ","$23,348,741.22 ",Calabar,Sea
3bf98e52-9c26-431f-8f7b-195047708d61,973,"$13,019.66 ","$7,802.91 ","$12,668,129.18 ",Lagos,Sea
a335dd48-a803-4cf0-97dc-65f080745876,395,10195.24,"$6,032.84 ","$4,027,119.80 ",Calabar,Sea
2d1c764f-6e5a-4428-8d32-ad6731a70377,663,"$11,700.02 ","$5,979.08 ","$7,757,113.26 ",Port Harcourt,Sea
0b0a3019-098b-43aa-b7a7-8608cdbf475d,504,"$37,053.01 ","$4,393.65 ","$18,674,717.04 ",Lagos,Sea
663f4b4b-02f2-4213-a46d-c96b095ebb6e,461,"$17,111.71 ","$4,498.67 ","$7,888,498.31 ",Lagos,Sea
9a5ec34f-f2a8-4164-bf36-316fdb07c274,964,"$19,492.46 ","$7,012.52 ","$18,790,731.44 ",Warri,Sea
10d556d5-523d-4fa8-83e7-92f5aa27c288,464,"$46,932.39 ","$8,782.04 ","$21,776,628.96 ",Lagos,Sea
b0dade77-c0ac-412e-b1cc-dc0062ec9d09,296,"$10,142.15 ","$6,846.41 ","$3,002,076.40 ",Lagos,Sea
b5b85387-6e3d-4cf6-8a06-a9d4ddc2a1ed,371,"$12,445.21 ","$5,153.77 ","$4,617,172.91 ",Calabar,Sea
1427d817-d2a4-4ba9-bfdc-12621d4f2fcc,883,"$14,518.98 ","$2,316.41 ","$12,820,259.34 ",Warri,Sea
afbe8b99-9548-42d8-a7f1-f327788f4ad5,158,"$33,199.44 ","$5,295.09 ","$5,245,511.52 ",Lagos,Sea
9eb5b777-6cb7-423b-8200-e2a8fd718475,839,"$20,194.91 ","$4,050.93 ","$16,943,529.49 ",Port Harcourt,Sea
8d615afc-a62b-49d9-a7a0-78e84fd81320,752,"$33,682.20 ","$2,116.71 ","$25,329,014.40 ",Lagos,Sea
44e55f74-f12a-4df7-878f-00a4edc085b1,296,"$28,499.89 ","$4,918.31 ","$8,435,967.44 ",Calabar,Sea
1d619c30-eee7-46a5-8386-e2b5c85b9f95,896,"$37,856.44 ","$8,880.76 ","$33,919,370.24 ",Lagos,Sea
1b8c1fab-3e03-44c4-9019-630e4a2f1e32,919,"$12,736.81 ","$5,369.17 ","$11,705,128.39 ",Lagos,Sea
232eddbb-659b-4286-b788-366463e5378d,824,"$10,293.39 ","$3,434.07 ","$8,481,753.36 ",Lagos,Sea
4fd06223-3a37-43a5-a034-b7daa4ab65ae,912,"$36,518.14 ","$7,764.13 ","$33,304,543.68 ",Lagos,Sea
7522ee05-4ebf-439d-82ad-9485de48cbab,296,"$12,168.22 ","$6,858.40 ","$3,601,793.12 ",Lagos,Sea
de603faa-f597-4d40-96d1-8feeffcfd580,571,"$27,712.14 ","$6,221.24 ","$15,823,631.94 ",Lagos,Sea
16f77933-7c02-486c-830f-d02e14dd79c1,999,"$35,396.62 ","$6,036.55 ","$35,361,223.38 ",Warri,Sea
1c243136-f9de-4a3e-9b05-b3c560b03c28,355,"$19,246.61 ","$2,599.13 ","$6,832,546.55 ",Lagos,Sea
4f5a8914-e24d-4312-9979-ddb3d6e50931,368,"$30,048.91 ","$2,336.56 ","$11,057,998.88 ",Lagos,Sea
3c0ff396-7c4e-4f04-bdb5-bc42a6fa7b57,794,"$34,804.99 ","$8,456.36 ","$27,635,162.06 ",Calabar,Sea
5a8f1f4b-7fbb-467d-8076-be11cd53fa65,426,"$27,262.69 ","$8,439.65 ","$11,613,905.94 ",Lagos,Sea
7378d07e-984e-4c53-a9e1-55b35d370726,318,"$24,796.29 ","$9,931.61 ","$7,885,220.22 ",Port Harcourt,Sea
b9c6e130-6b16-4f69-aacb-65dbe96b8097,553,"$25,956.06 ","$4,281.77 ","$14,353,701.18 ",Lagos,Sea
ff1cdd5a-edeb-4587-bdfa-154ade3978ab,133,"$10,598.63 ","$2,227.19 ","$1,409,617.79 ",Port Harcourt,Sea
28c8c867-4e8a-45c1-96a1-ef5cbfdcd068,361,"$23,661.98 ","$2,145.57 ","$8,541,974.78 ",Lagos,Sea
91418d59-4329-4d76-8255-54f14abf06f0,810,"$37,294.98 ","$9,804.70 ","$30,208,933.80 ",Lagos,Sea
06c5841e-36b1-4446-8531-7fd69397d73c,205,"$26,036.36 ","$8,100.15 ","$5,337,453.80 ",Calabar,Sea
c74461ae-282d-4e92-aba2-ff7aa5a97bfa,305,"$18,218.73 ","$9,792.49 ","$5,556,712.65 ",Lagos,Sea
242325e0-8456-41aa-9619-11bb364a5ef4,892,"$30,720.69 ","$8,022.12 ","$27,402,855.48 ",Warri,Sea
db2857b5-559a-4ba1-a5dd-99073ef2935e,933,"$18,835.79 ","$6,247.48 ","$17,573,792.07 ",Warri,Sea
0bcfbca2-ced7-4f9b-b423-91cc9718e56f,608,"$24,486.35 ","$2,380.14 ","$14,887,700.80 ",Lagos,Sea
5455d3d3-2c1a-47b1-a005-78a96a41f1df,383,"$10,974.92 ","$2,308.78 ","$4,203,394.36 ",Warri,Sea
5d42e31f-ca12-48b0-9947-a46ac7c3c9e6,662,"$48,735.70 ","$3,116.32 ","$32,263,033.40 ",Warri,Sea
cda3466a-7314-4ec2-ae64-45b076307a3a,995,"$23,095.37 ","$8,369.26 ","$22,979,893.15 ",Lagos,Sea
34cf1e1c-4bd2-4f96-853a-7fbd0cf60789,914,"$34,678.88 ","$3,227.13 ","$31,696,496.32 ",Lagos,Sea
6c110442-1c73-4b1f-9664-c9a3d092de9f,109,"$26,372.46 ","$8,505.26 ","$2,874,598.14 ",Lagos,Sea
f84806d6-81c2-4cf2-90c0-e1c34f86ad35,706,"$47,962.40 ","$8,161.97 ","$33,861,454.40 ",Port Harcourt,Sea
183150e7-bdf7-4255-ac69-0d0158262340,928,"$43,869.35 ","$7,665.68 ","$40,710,756.80 ",Lagos,Sea
1f7733cd-4026-4407-9fd9-43f83f2adf9a,535,"$48,301.99 ","$9,496.39 ","$25,841,564.65 ",Calabar,Sea
a3f19107-802f-4f0b-95a7-bcc7d625b418,413,"$28,753.55 ","$6,243.28 ","$11,875,216.15 ",Lagos,Sea
069766da-2470-460f-a79b-9371fdf4f619,953,"$30,715.74 ","$7,323.65 ","$29,272,100.22 ",Warri,Sea
886e5923-2946-4d8b-880f-b7383ebcfbcd,926,"$24,045.41 ","$4,426.14 ","$22,266,049.66 ",Calabar,Sea
2459d72d-df53-44f4-937d-488afde99438,951,"$30,767.55 ","$2,982.69 ","$29,259,940.05 ",Lagos,Sea
660da1ad-4665-4b48-a0c3-88cdbc44aec3,394,"$47,388.50 ","$9,454.03 ","$18,671,069.00 ",Lagos,Sea
c6208a22-8457-45d0-87f8-fc7ae4f5001d,317,15822.44,"$8,639.12 ","$5,015,713.48 ",Lagos,Sea
57eed31e-f2ee-4317-91f0-918f0065cda2,987,"$22,652.61 ","$3,695.28 ","$22,358,126.07 ",Lagos,Sea
22c1cdb4-2b06-486f-86a8-546656f84f3e,427,"$29,828.71 ","$2,279.98 ","$12,736,859.17 ",Lagos,Sea
cb4ecaf3-5d81-4f12-86da-9a9744899c21,357,"$18,747.68 ","$6,313.93 ","$6,692,921.76 ",Lagos,Sea
a863a7d4-9744-4153-8510-833ba8387f46,596,"$30,068.44 ","$2,819.55 ","$17,920,790.24 ",Lagos,Sea
5ae46a1c-3d07-485d-bb87-204bda26cd11,671,"$28,843.84 ","$8,442.44 ","$19,354,216.64 ",Lagos,Sea
e0a77ca7-df6d-4e2e-b527-f1e97a159fe2,660,"$29,898.29 ","$3,852.77 ","$19,732,871.40 ",Lagos,Sea
94aa0d36-2a97-4cea-9fe5-3ba329070473,374,"$46,332.41 ","$6,794.61 ","$17,328,321.34 ",Lagos,Sea
a7f3d07a-ea49-4051-82b7-c073f35bfeec,471,"$11,415.43 ","$8,345.60 ","$5,376,667.53 ",Lagos,Sea
489bc928-6d81-4772-b2ec-4ab28bed0d58,109,"$30,617.79 ","$6,262.87 ","$3,337,339.11 ",Warri,Sea
71737c50-e819-457b-9f7e-e77d3a331089,643,"$49,198.60 ","$9,700.95 ","$31,634,699.80 ",Calabar,Sea
495f68e0-2e9f-471a-825b-3a893797bc4a,415,"$43,916.15 ","$2,860.69 ","$18,225,202.25 ",Lagos,Sea
579a7deb-9565-43ee-b95d-cbc967206167,507,"$25,077.00 ","$4,342.19 ","$12,714,039.00 ",Calabar,Sea
fbf3271b-8e59-4473-982f-bf020752195d,132,"$19,176.70 ","$2,330.18 ","$2,531,324.40 ",Lagos,Sea
15ce7f7b-2350-4a15-bc71-01855ad6136d,636,"$18,138.26 ","$6,241.93 ","$11,535,933.36 ",Lagos,Sea
2edac38a-00d0-44ab-ab9c-da2a91d5d9f6,298,"$48,711.59 ","$8,683.01 ","$14,516,053.82 ",Warri,Sea
40d99c96-86ef-40e2-82c9-d7a6a30b3575,405,"$46,606.43 ","$5,181.23 ","$18,875,604.15 ",Calabar,Sea
f2964265-5239-4a3b-9d31-84cb90388def,115,"$20,772.65 ","$2,751.58 ","$2,388,854.75 ",Port Harcourt,Sea
a2915905-3a81-4196-9550-7d82bfed6ce5,883,"$28,437.69 ","$8,368.84 ","$25,110,480.27 ",Lagos,Sea
3a48c2da-951a-4b91-9475-1ec6113332e3,616,"$33,656.08 ","$6,167.99 ","$20,732,145.28 ",Lagos,Sea
80aef4d2-e63e-4759-9634-5180b3803851,895,"$43,973.47 ","$2,448.05 ","$39,356,255.65 ",Port Harcourt,Sea
d257f383-59c4-4788-b1be-06f99ddb6835,369,"$13,952.52 ","$6,188.94 ","$5,148,479.88 ",Lagos,Sea
ddda23f3-e42b-4ca6-97aa-9acc658306a5,506,"$49,365.93 ","$8,498.57 ","$24,979,160.58 ",Lagos,Sea
be34d929-eee6-42c8-906a-f41a567b2bb6,379,"$12,061.24 ","$8,671.99 ","$4,571,209.96 ",Port Harcourt,Sea
2a69e277-27ba-48e0-8a64-eca0b198569b,269,"$28,501.42 ","$4,486.79 ","$7,666,881.98 ",Lagos,Sea
812f7468-76fb-468f-ae4c-eec014a9dad4,372,"$20,678.92 ","$6,836.12 ","$7,692,558.24 ",Warri,Sea
b69678f7-af0a-40c2-849a-3074046626df,182,"$28,119.02 ","$4,905.94 ","$5,117,661.64 ",Warri,Sea
85f79071-5d05-44fb-b7b4-7b026a43e686,127,"$35,665.11 ","$9,712.97 ","$4,529,468.97 ",Lagos,Sea
2898f0ae-b28f-42c1-9690-8105604baebd,639,"$46,793.26 ","$2,626.29 ","$29,900,893.14 ",Calabar,Sea
35045151-3f9c-4edb-94e0-ad5f7e683d88,151,"$11,379.89 ","$7,761.71 ","$1,718,363.39 ",Lagos,Sea
8cbdda7e-ce82-4e0a-a3fd-93372df3e26e,748,"$25,065.32 ","$7,742.48 ","$18,748,859.36 ",Lagos,Sea
e74dea5d-23f6-4453-973c-b64faf892ab7,238,"$11,883.00 ","$2,853.43 ","$2,828,154.00 ",Lagos,Sea
43d41efd-d923-4490-b759-12a3c9b13264,778,"$15,017.53 ","$9,283.59 ","$11,683,638.34 ",Port Harcourt,Sea
d8b86aa1-ebf0-4be5-82e3-80962015d251,466,"$40,846.78 ","$8,081.57 ","$19,034,599.48 ",Calabar,Sea
ff3cc5fe-f48f-4a53-9bc3-1484a01acbbc,837,"$16,079.55 ","$8,183.76 ","$13,458,583.35 ",Lagos,Sea
4402972f-8bdd-4788-9163-fcbcd22ab190,727,"$21,997.05 ","$7,782.56 ","$15,991,855.35 ",Lagos,Sea
41a5b44e-fed2-4480-a86a-519656a1ecf6,618,"$34,261.66 ","$9,850.59 ","$21,173,705.88 ",Lagos,Sea
d3a51ea5-8b89-411d-b751-7c6bebf51b12,405,"$13,582.18 ","$5,894.22 ","$5,500,782.90 ",Warri,Sea
6efd9059-20ea-4f00-85e5-c4be5cea2ff5,498,"$15,043.56 ","$2,367.60 ","$7,491,692.88 ",Lagos,Sea
1bfe4569-c2e3-436d-815a-4c841d82e073,775,"$17,452.74 ","$2,686.62 ","$13,525,873.50 ",Port Harcourt,Sea
bd8cb0c3-868e-484a-bb90-0489a426de38,617,"$12,552.78 ","$3,859.98 ","$7,745,065.26 ",Port Harcourt,Sea
788398c6-a9ff-4365-8350-19402f849fc1,278,"$28,564.88 ","$8,098.26 ","$7,941,036.64 ",Lagos,Sea
80cf97f1-6ae4-4d07-8d41-86ec97cf389f,123,"$28,223.94 ","$4,207.73 ","$3,471,544.62 ",Lagos,Sea
c926ff30-c4ae-4b89-a6dd-2ab87ef832fd,670,"$29,082.54 ","$4,982.72 ","$19,485,301.80 ",Calabar,Sea
a95bb23c-dc6f-49ec-99c9-71611856d446,779,"$26,423.80 ","$2,626.87 ","$20,584,140.20 ",Lagos,Sea
1f5b2dd5-b1c5-4a2e-9333-cf64ee58c089,945,"$32,510.05 ","$5,669.22 ","$30,721,997.25 ",Warri,Sea
93287fda-4516-46b8-a1c9-8476122f0195,740,"$49,218.64 ","$3,231.87 ","$36,421,793.60 ",Lagos,Sea
206aaf19-8913-428c-9a6d-1721a9a1600a,199,"$47,269.53 ","$9,258.50 ","$9,406,636.47 ",Lagos,Sea
6851372a-1f72-4b8f-8936-9f8d99e9fe5c,216,"$25,895.71 ","$5,588.44 ","$5,593,473.36 ",Lagos,Sea
fe8fc7f9-ec54-4566-b7c3-3d07a9ae0804,723,"$24,896.53 ","$4,266.10 ","$18,000,191.19 ",Calabar,Sea
3d3daadd-ce33-4f89-9810-53d7f1c485a1,673,"$45,974.00 ","$7,313.46 ","$30,940,502.00 ",Lagos,Sea
93b6f84d-1cf8-4e58-8546-6d71e991d638,555,"$16,865.51 ","$4,394.07 ","$9,360,358.05 ",Lagos,Sea
d916f087-39dc-4319-8994-27b65d416e57,710,"$48,182.29 ","$5,868.44 ","$34,209,425.90 ",Port Harcourt,Sea
597ccafc-15af-4f79-9310-471c4f19b520,993,"$41,505.97 ","$4,434.90 ","$41,215,428.21 ",Warri,Sea
1376cf7f-051f-4414-8fc5-ee4cc3e29260,559,"$30,415.41 ","$2,103.40 ","$17,002,214.19 ",Lagos,Sea
b88ebb38-3b0c-41b9-b9af-6e0ceae414a1,870,"$28,422.60 ","$7,385.82 ","$24,727,662.00 ",Port Harcourt,Sea
af665fe1-9769-4771-b29c-cd6975cfbc3c,569,"$45,141.75 ","$8,810.63 ","$25,685,655.75 ",Port Harcourt,Sea
62e43d85-adac-487b-8a04-c4a5c8d8666a,127,"$18,303.06 ","$6,427.12 ","$2,324,488.62 ",Lagos,Sea
84a464c7-6b00-4f2f-855e-e97709259320,430,"$18,902.80 ","$5,916.22 ","$8,128,204.00 ",Port Harcourt,Sea
9d394971-72ce-4b54-a3a0-bbbfb1d92a79,391,"$19,901.91 ","$2,594.44 ","$7,781,646.81 ",Lagos,Sea
08a6a0d2-8988-42ce-88dc-68cf06440ae1,839,"$42,307.64 ","$2,725.48 ","$35,496,109.96 ",Lagos,Sea
b73e6c3f-a04d-4724-a0ab-d34c4c8a9cd6,314,"$33,005.79 ","$7,392.48 ","$10,363,818.06 ",Warri,Sea
0c282067-e75b-4afe-8f81-926001d6920b,188,"$41,952.09 ","$9,861.73 ","$7,886,992.92 ",Lagos,Sea
551d4e01-db29-48b9-af39-fbf64f0affc7,812,"$10,721.81 ","$4,908.79 ","$8,706,109.72 ",Warri,Sea
f83ecc0d-a6f6-4b98-b28b-e61ef9ce9e54,709,"$41,015.10 ","$8,138.42 ","$29,079,705.90 ",Warri,Sea
ec8526d0-fc08-426d-8de1-cdbed806cdec,783,"$46,845.94 ","$7,199.79 ","$36,680,371.02 ",Lagos,Sea
19018890-7f48-4828-ad15-80ddfd698218,684,"$32,847.98 ","$4,767.00 ","$22,468,018.32 ",Port Harcourt,Sea
046d486c-5be8-49e7-bb2e-d8159c3c1a2e,494,"$15,808.25 ","$8,514.16 ","$7,809,275.50 ",Lagos,Sea
1f543563-548e-44ac-b216-24ea091217a2,248,"$49,335.10 ","$4,909.96 ","$12,235,104.80 ",Lagos,Sea
0bbe2d56-0f29-4271-a9ee-a5fef81f1918,301,"$46,047.77 ","$3,519.61 ","$13,860,378.77 ",Lagos,Sea
4146201d-4acb-49fd-9cd7-dd4c052aa633,586,"$27,772.80 ","$7,589.35 ","$16,274,860.80 ",Calabar,Sea
4437f6b9-32b5-43ab-8953-8bd771a93e8d,743,"$20,825.01 ","$2,879.25 ","$15,472,982.43 ",Calabar,Sea
8a0d3597-3cce-4f21-a165-9c03194b7be4,428,"$33,222.48 ","$9,269.51 ","$14,219,221.44 ",Warri,Sea
8ee769b3-bf07-49fb-981d-8f6efb5820c8,104,"$28,856.79 ","$6,754.28 ","$3,001,106.16 ",Port Harcourt,Sea
c28ec46e-2306-42e7-9308-e69998000cd1,599,"$48,007.01 ","$6,015.13 ","$28,756,198.99 ",Port Harcourt,Sea
72d72038-178a-49f8-89fb-941ed2a540f5,115,"$25,006.63 ","$5,301.73 ","$2,875,762.45 ",Warri,Sea
17d7de18-45f1-42bd-8d6e-d5778dfa0e57,762,"$31,052.45 ","$5,531.35 ","$23,661,966.90 ",Lagos,Sea
e62aa94c-b06d-4537-88a3-46820b1c60de,479,"$17,626.87 ","$6,801.41 ","$8,443,270.73 ",Warri,Sea
a86718e9-457e-4dd4-9738-b8ab5ce33102,887,"$39,899.30 ","$4,319.57 ","$35,390,679.10 ",Lagos,Sea
ec90571e-119f-48e5-b2df-cc54f4b599ac,655,"$45,931.66 ","$6,251.45 ","$30,085,237.30 ",Lagos,Sea
35cd5574-9502-4ecc-ba42-59caabf01fc9,909,"$19,171.77 ","$5,159.22 ","$17,427,138.93 ",Warri,Sea
54d7ceee-d0b6-4a73-b9aa-d2ef734bedf7,667,"$33,489.07 ","$9,214.17 ","$22,337,209.69 ",Lagos,Sea
c9e52df6-0e28-4fe8-91e0-192c4e3b200d,295,"$15,255.06 ","$5,692.82 ","$4,500,242.70 ",Warri,Sea
84a0c028-394d-4625-bc62-92caae420dc9,930,"$11,752.59 ","$7,463.08 ","$10,929,908.70 ",Lagos,Sea
1f39439f-6b6c-48a8-84d9-24393d913537,808,"$36,102.12 ","$4,257.50 ","$29,170,512.96 ",Calabar,Sea
aa26c51b-e4f9-4e4b-99db-98b6923a2e50,589,"$47,737.46 ","$4,814.23 ","$28,117,363.94 ",Calabar,Sea
0ef3e069-3b31-4fe7-99a3-93bb6e649a23,212,"$38,606.82 ","$8,270.19 ","$8,184,645.84 ",Lagos,Sea
3d4a2ee6-9046-4f5e-bc07-d354ebc53dab,164,"$44,326.56 ","$5,980.31 ","$7,269,555.84 ",Calabar,Sea
f4ae03c9-263b-4384-8203-26b88207d7f4,589,"$16,688.99 ","$5,445.11 ","$9,829,815.11 ",Lagos,Sea
cdfcea55-37af-4bf0-9b01-66850b3ec0e2,438,"$22,625.33 ","$6,130.91 ","$9,909,894.54 ",Warri,Sea
9d34dc28-1931-46fb-8aa8-cc1037cca7d3,880,"$40,170.32 ","$6,843.59 ","$35,349,881.60 ",Warri,Sea
fcfe3c27-888d-4884-9ecf-6cd38c856a72,483,"$42,817.53 ","$3,137.24 ","$20,680,866.99 ",Port Harcourt,Sea
f8dd60a2-ba99-4f7b-a47e-b617ce1439fa,551,"$23,671.25 ","$6,023.56 ","$13,042,858.75 ",Lagos,Sea
34bb5fe1-9def-4197-ad68-cd1f70d48527,757,"$15,651.76 ","$2,822.57 ","$11,848,382.32 ",Lagos,Sea
146b2160-f708-4ca3-a20f-8c9f5174f0e0,131,"$48,048.54 ","$3,265.53 ","$6,294,358.74 ",Calabar,Sea
c2a2dc96-aec5-4d78-8195-ec0988f3055b,804,"$24,263.35 ","$4,847.33 ","$19,507,733.40 ",Cabalar,Sea
4091cee3-faf6-494f-9c24-cbf59143ce30,614,"$28,806.40 ","$3,097.77 ","$17,687,129.60 ",Lagos,Sea
7290907c-ab21-4fcb-8e79-cdd5f2a71735,870,"$48,583.99 ","$3,988.43 ","$42,268,071.30 ",Lagos,Sea
c6f28ada-f280-4677-b662-382617d1d53e,539,"$23,220.19 ","$4,742.10 ","$12,515,682.41 ",Lagos,Sea
ec5bc29d-d6d1-4c28-96ce-6464111f8067,338,"$10,969.85 ","$9,711.49 ","$3,707,809.30 ",Calabar,Sea
244975f1-a410-4094-b930-709bcb778bff,506,"$35,141.25 ","$6,995.65 ","$17,781,472.50 ",Warri,Sea
5f0b601b-a0a3-404a-a3aa-b5eea5456c11,223,"$32,345.62 ","$8,780.61 ","$7,213,073.26 ",Lagos,Sea
8146d3ee-a08f-4616-9e7c-ee93d44c08c4,873,"$35,948.04 ","$8,000.90 ","$31,382,638.92 ",Lagos,Sea
56e78ee4-790c-47ec-b658-9a14048c3ca1,633,"$25,099.43 ","$2,601.78 ","$15,887,939.19 ",Lagos,Sea
9a67c961-ed0f-4b82-8e26-1e3e5dd29e1a,874,"$31,711.95 ","$2,679.84 ","$27,716,244.30 ",Port Harcourt,Sea
732eef61-8793-4aaa-bf15-97dc1b36c4f6,492,"$33,982.23 ","$3,031.16 ","$16,719,257.16 ",Lagos,Sea
e3ad6e9d-9042-4843-91b3-9517086f0ac9,816,"$24,557.22 ","$7,507.36 ","$20,038,691.52 ",Calabar,Sea
f5c4fcd7-3c22-472d-9082-182e77137f9e,504,"$16,636.12 ","$4,596.82 ","$8,384,604.48 ",Port Harcourt,Sea
03078ac8-5da0-41e6-96db-fa5fb2818761,665,"$47,558.52 ","$7,747.05 ","$31,626,415.80 ",Calabar,Sea
aedec655-2f10-4def-bdde-fbe9680df700,315,"$41,679.02 ","$9,014.24 ","$13,128,891.30 ",Warri,Sea
ac16c041-3bd2-4454-9bd8-6156271d7c29,179,"$13,561.99 ","$7,189.28 ","$2,427,596.21 ",Lagos,Sea
7ecf613f-fa6a-4edd-80a3-fe32c988551d,773,"$38,681.14 ","$8,033.55 ","$29,900,521.22 ",Lagos,Sea
ed8d4208-9959-47e4-a305-33aa50d66a17,276,"$11,216.66 ","$4,708.95 ","$3,095,798.16 ",Calabar,Sea
2eab0ed0-63db-4e3f-8d89-e91a49f78450,412,"$39,780.13 ","$7,699.27 ","$16,389,413.56 ",Lagos,Sea
38fc139c-13bc-4895-bff7-1c8eaf13429e,949,"$38,419.36 ","$3,631.91 ","$36,459,972.64 ",Calabar,Sea
fea7fc17-802c-41de-a3e0-2a3bdc58b283,606,"$48,515.52 ","$6,441.57 ","$29,400,405.12 ",Lagos,Sea
060ae74a-98c4-4f0b-8e15-e09c770ad71f,336,"$45,460.52 ","$6,073.91 ","$15,274,734.72 ",Calabar,Sea
8e263abe-ec42-4ead-bb5b-e37543385c82,938,"$42,349.40 ","$5,636.58 ","$39,723,737.20 ",Port Harcourt,Sea
d58c7cd7-1316-43a9-b8ea-30920aff569a,305,"$11,804.84 ","$5,226.45 ","$3,600,476.20 ",Lagos,Sea
6830b977-6b94-431a-8456-f76116d8e3d6,696,"$29,398.99 ","$4,816.30 ","$20,461,697.04 ",Lagos,Sea
d9b31400-3143-4fd6-8a95-9a318e8e3aba,397,"$29,715.00 ","$6,060.24 ","$11,796,855.00 ",Warri,Sea
3fe46b9f-e04b-4d60-b604-fee6863174bf,960,"$42,119.76 ","$7,291.26 ","$40,434,969.60 ",Lagos,Sea
26ee8a39-1fec-431f-9d19-9bb3046b846f,442,"$39,909.45 ","$6,492.45 ","$17,639,976.90 ",Lagos,Sea
50dfed92-78d8-43ad-8e9e-7699ec260e08,229,"$18,212.59 ","$3,226.57 ","$4,170,683.11 ",Warri,Sea
de9c4f71-8383-4f59-81d4-88af2d1d8a1e,730,"$44,410.29 ","$3,170.90 ","$32,419,511.70 ",Warri,Sea
12413cb3-d2c1-403e-a741-3425182fbeea,972,"$12,391.17 ","$4,739.75 ","$12,044,217.24 ",Lagos,Sea
1b48438c-a4d6-4dfb-a97f-d5b9637199cc,903,"$21,669.81 ","$8,838.64 ","$19,567,838.43 ",Port Harcourt,Sea
ebb94f55-c30e-45c6-b4ea-ba05da82309e,407,"$24,660.78 ","$5,093.85 ","$10,036,937.46 ",Lagos,Sea
38227e5a-0cea-4b61-ae1c-c88d141f2d53,627,"$15,178.04 ","$9,884.25 ","$9,516,631.08 ",Port Harcourt,Sea
3a6146a4-8b5b-4ae2-b78a-c42781dd555f,741,"$28,606.38 ","$6,771.24 ","$21,197,327.58 ",Lagos,Sea
672bc8da-66ac-4dcc-8298-a2c186c563a5,224,"$45,093.40 ","$7,090.20 ","$10,100,921.60 ",Lagos,Sea
0f8a8595-a0ec-40bd-9ae9-2395b57d44fc,895,"$44,466.30 ","$6,556.12 ","$39,797,338.50 ",Lagos,Sea
52d1a3fa-e4c5-475a-94f6-06a1d16bfc44,180,"$22,060.92 ","$3,219.94 ","$3,970,965.60 ",Warri,Sea
a4cce523-ce91-4a68-9012-5b9608e88ed0,972,"$17,424.12 ","$6,738.21 ","$16,936,244.64 ",Port Harcourt,Sea
c936ee35-b2a0-4675-a970-c79851e754bb,304,"$41,022.88 ","$3,565.88 ","$12,470,955.52 ",Port Harcourt,Sea
47fbbca1-4d47-46cc-a451-0a048ec2e39d,435,"$33,734.24 ","$7,258.28 ","$14,674,394.40 ",Lagos,Sea
0094d29a-2a50-4bf9-97e0-eccde922aa1a,234,"$30,962.68 ","$6,008.63 ","$7,245,267.12 ",Port Harcourt,Sea
896f9db9-3ea0-4da8-b099-471f6f4cc9e0,884,"$35,538.50 ","$5,297.56 ","$31,416,034.00 ",Lagos,Sea
f2d39741-98b3-4769-9565-4bd234188124,646,"$10,338.09 ","$8,152.32 ","$6,678,406.14 ",Lagos,Sea
5be73e7c-2946-4057-83c0-0e5a9c85e1b6,885,"$37,238.52 ","$5,263.08 ","$32,956,090.20 ",Lagos,Sea
7251c8f3-8434-4a3c-bf71-7930f1f7d9db,463,"$21,324.19 ","$5,651.94 ","$9,873,099.97 ",Lagos,Sea
d8f2cbb5-1ccb-4934-9add-da9c59b5ed17,635,"$46,224.92 ","$4,473.09 ","$29,352,824.20 ",Lagos,Sea
73b67241-656f-4bfd-b024-3700ee9167e5,331,"$40,975.54 ","$5,778.24 ","$13,562,903.74 ",Calabar,Sea
8e0b888e-9a64-4aac-bbc5-8bb6e962ccb8,519,"$23,287.18 ","$9,858.14 ","$12,086,046.42 ",Calabar,Sea
970ad350-0772-485a-81eb-aac365416b61,558,"$37,757.63 ","$8,787.98 ","$21,068,757.54 ",Lagos,Sea
be079e43-563e-482b-85e7-267b5f896e38,480,"$12,519.37 ","$8,790.94 ","$6,009,297.60 ",Lagos,Sea
d5d5de56-2cc5-429d-9186-0c2b2f182f01,858,"$41,834.28 ","$2,100.66 ","$35,893,812.24 ",Lagos,Sea
49765d91-6ad5-4641-a7f6-389b1313a71e,458,"$13,812.54 ","$3,177.15 ","$6,326,143.32 ",Lagos,Sea
06892594-0bcc-4bbc-aed1-86146d010d72,345,"$40,531.92 ","$8,482.65 ","$13,983,512.40 ",Lagos,Sea
98cf394f-d7d7-47f0-a2e7-93f9c0ef7a29,238,"$26,925.18 ","$2,901.45 ","$6,408,192.84 ",Lagos,Sea
6f86754b-2369-4e7c-86f6-b3035500beed,972,"$28,660.03 ","$8,220.25 ","$27,857,549.16 ",Warri,Sea
a5d9cbef-0f48-4308-9aae-3db02c063965,491,"$45,962.15 ","$6,370.54 ","$22,567,415.65 ",Lagos,Sea
71f9fd1b-92f5-4a78-a791-4a8f5f463bd8,954,"$32,313.86 ","$6,873.64 ","$30,827,422.44 ",Port Harcourt,Sea
88e2792d-16d8-4402-a31a-efc464bf6cf3,262,"$27,644.22 ","$2,134.18 ","$7,242,785.64 ",Lagos,Sea
35080aee-bfcb-4438-a7f8-9977010ed29a,673,"$43,898.69 ","$2,563.04 ","$29,543,818.37 ",Lagos,Sea
31ce65cf-2399-424c-9a14-1b03552b4e2a,513,"$40,829.59 ","$5,780.88 ","$20,945,579.67 ",Calabar,Sea
0fbf91a7-2a9d-4f62-a089-06c4b40b3885,684,"$22,639.19 ","$9,105.12 ","$15,485,205.96 ",Warri,Sea
9add0bed-dfd8-419d-8bba-883e2f200fb0,230,"$33,065.69 ","$7,570.06 ","$7,605,108.70 ",Lagos,Sea
05ebc533-4411-4a02-a2ea-3d7074af9aed,877,"$33,879.55 ","$5,665.66 ","$29,712,365.35 ",Lagos,Sea
7d4850b0-cec4-46da-bc7e-0a89d72fe0e8,425,"$45,040.57 ","$8,443.98 ","$19,142,242.25 ",Lagos,Sea
291c681e-551a-41ad-a361-932e9b36be74,384,"$21,222.42 ","$4,490.56 ","$8,149,409.28 ",Calabar,Sea
aed2e643-c1f3-4854-a8ed-dd67c5f59510,425,"$18,775.34 ","$5,343.85 ","$7,979,519.50 ",Lagos,Sea
dd43c2da-9a5e-4c12-919c-fffe632d0cbc,842,"$44,116.31 ","$3,737.61 ","$37,145,933.02 ",Lagos,Sea
76af99d1-27ab-426c-87fc-e1b9fe49d51a,866,"$37,209.43 ","$8,028.81 ","$32,223,366.38 ",Lagos,Sea
2b207865-60f6-42f6-b421-5b33245d3f13,282,"$46,063.17 ","$3,544.77 ","$12,989,813.94 ",Warri,Sea
7e529842-aa5d-4e28-bc4d-6f71ac98c493,823,"$14,356.92 ","$7,452.10 ","$11,815,745.16 ",Lagos,Sea
1da22029-e15d-411e-bc19-6b17fcf035a2,343,"$48,026.63 ","$6,193.02 ","$16,473,134.09 ",Lagos,Sea
75d66fa8-63c5-4c08-9a86-2198831fecbc,525,"$21,719.70 ","$9,485.05 ","$11,402,842.50 ",Lagos,Sea
c0ded508-c7ea-405a-9c31-f328eafa6e75,562,"$48,517.10 ","$3,273.33 ","$27,266,610.20 ",Lagos,Sea
6b2ba603-b1fe-493d-b363-66cb239f36cd,258,"$43,253.51 ","$3,922.14 ","$11,159,405.58 ",Warri,Sea
00d0516a-3d9a-491c-8c28-ea7d9a7fd304,385,"$21,988.74 ","$2,986.50 ","$8,465,664.90 ",Lagos,Sea
f4406919-18c3-42fe-94ef-dc74c542bd02,538,"$16,103.22 ","$9,497.29 ","$8,663,532.36 ",Lagos,Sea
d7300746-61e5-46e1-8010-783fbd4dcebc,499,"$20,654.53 ","$9,398.38 ","$10,306,610.47 ",Lagos,Sea
f9cded3a-6e2c-45d6-9eee-d09fc8849a0f,498,"$10,454.43 ","$7,341.90 ","$5,206,306.14 ",Lagos,Sea
0c042077-a0c7-4fa3-8c34-dbcdf34c6e2c,586,"$33,793.72 ","$9,831.95 ","$19,803,119.92 ",Calabar,Sea
ea2afb49-350a-4af7-b850-9e37195adfc0,462,"$40,352.05 ","$5,985.50 ","$18,642,647.10 ",Lagos,Sea
563909c2-131a-4f8d-bf14-5606614dcce9,797,"$44,352.82 ","$8,523.69 ","$35,349,197.54 ",Port Harcourt,Sea
d1446e21-a4aa-43a4-9707-7755a4f0e352,249,"$43,575.52 ","$5,482.79 ","$10,850,304.48 ",Lagos,Sea
34229d59-1a3c-46f4-a9cf-1749ed5e64a5,407,"$17,240.74 ","$7,258.30 ","$7,016,981.18 ",Lagos,Sea
a7e174ba-8a91-4ca0-b022-25abc43bbcf8,803,"$13,464.75 ","$4,787.78 ","$10,812,194.25 ",Warri,Sea
939d5cc8-64bf-4c52-904d-8a231f92684f,326,"$13,973.69 ","$7,279.87 ","$4,555,422.94 ",Lagos,Sea
de0bfb19-12e0-4fb0-b1c1-fe613e988b45,394,"$32,556.20 ","$8,455.97 ","$12,827,142.80 ",Warri,Sea
16ed5878-f533-4bdb-aa56-0ba42aebb007,280,"$25,327.40 ","$6,295.63 ","$7,091,672.00 ",Lagos,Sea
7044a47f-d2ac-40e0-982b-731af68d3a9c,716,"$19,523.80 ","$7,102.27 ","$13,979,040.80 ",Calabar,Sea
219cc42f-3349-4c0b-addc-5b241c50c742,522,"$38,587.91 ","$7,291.10 ","$20,142,889.02 ",Lagos,Sea
a133fc14-a43e-4f46-9e65-fa9f360744a2,196,"$31,132.11 ","$5,678.06 ","$6,101,893.56 ",Lagos,Sea
13d1eef4-95e1-424b-ae57-52159d5201f0,578,"$48,791.16 ","$6,835.16 ","$28,201,290.48 ",Lagos,Sea
748ed4ad-575a-4b83-9f7e-5025fef046a1,562,"$15,317.68 ","$4,424.41 ","$8,608,536.16 ",Port Harcourt,Sea
2fd77131-deab-4bc3-9d12-905728b018fb,900,"$27,487.89 ","$7,714.09 ","$24,739,101.00 ",Lagos,Sea
141d79ef-3bd5-41b6-baac-139484183844,266,"$27,835.87 ","$4,866.09 ","$7,404,341.42 ",Lagos,Sea
42a22c84-5740-44c8-9166-9c3bd47fa088,403,"$12,673.28 ","$3,954.67 ","$5,107,331.84 ",Port Harcourt,Sea
fcd1cfbe-c63a-4577-863c-cbd2c14bc54d,322,"$24,656.86 ","$9,823.39 ","$7,939,508.92 ",Lagos,Sea
d424722b-f028-49d7-9d48-c11e61b45484,492,"$49,229.66 ","$7,287.84 ","$24,220,992.72 ",Lagos,Sea
f8e65ee9-7448-44dd-af00-95f4ab8cadc0,469,"$40,500.51 ","$9,256.95 ","$18,994,739.19 ",Calabar,Sea
d0eaa484-2706-435a-a621-e276d5917a7a,617,"$10,920.48 ","$7,123.67 ","$6,737,936.16 ",Port Harcourt,Sea
8d6fc811-00f6-4bf1-9963-594011a298c4,825,"$44,058.73 ","$4,559.39 ","$36,348,452.25 ",Warri,Sea
4cbc56f7-4a38-47f6-8bae-4012f9d6838d,243,"$29,602.28 ","$9,786.18 ","$7,193,354.04 ",Warri,Sea
6a910af0-5132-4a1a-bc28-7ad02e52c4fb,967,"$40,625.11 ","$2,102.62 ","$39,284,481.37 ",Port Harcourt,Sea
9f7edfb8-7045-453b-b973-18190c37e022,185,"$14,847.32 ","$3,544.82 ","$2,746,754.20 ",Port Harcourt,Sea
2609f6f2-b684-44e4-a548-f38ab38ad3b0,181,"$24,434.41 ","$5,026.98 ","$4,422,628.21 ",Warri,Sea
f5552e69-c3cc-42b8-a680-08319e4c1d43,173,"$14,946.11 ","$3,265.19 ","$2,585,677.03 ",Lagos,Sea
12040e54-b337-49a5-ae86-d25504aa7b68,437,"$34,043.56 ","$9,211.58 ","$14,877,035.72 ",Lagos,Sea
70f4fc9b-8fe7-491c-a1df-5ca66496d664,326,"$36,801.15 ","$6,544.27 ","$11,997,174.90 ",Lagos,Sea
f49609d3-5ee7-4c51-b6dd-d9d84b65a629,681,"$26,580.76 ","$8,722.94 ","$18,101,497.56 ",Warri,Sea
3c566bce-a7a0-4d5c-b3da-e8e82e47bca7,222,"$17,101.55 ","$9,701.85 ","$3,796,544.10 ",Calabar,Sea
852a93cc-195f-41d0-ac8c-95a68255476e,443,"$27,640.45 ","$7,433.24 ","$12,244,719.35 ",Calabar,Sea
dd333dfe-7acf-44f3-9ff6-9cb84d4d5640,928,"$38,172.49 ","$7,185.46 ","$35,424,070.72 ",Lagos,Sea
a29aca20-5a83-4010-a123-4114c21fb43b,242,"$31,257.41 ","$4,475.98 ","$7,564,293.22 ",Lagos,Sea
70602ed4-dae8-4237-8be0-b53e2ff41ce1,485,"$21,156.93 ","$3,688.43 ","$10,261,111.05 ",Calabar,Sea
560d9904-d1e1-41db-8e2a-4bb5fbe163b9,863,"$49,549.96 ","$4,979.97 ","$42,761,615.48 ",Lagos,Sea
57d377a6-8532-4e13-ad76-25ef9289068d,231,"$37,383.65 ","$6,025.90 ","$8,635,623.15 ",Lagos,Sea
a6b086c7-8e1b-4cd9-80ff-b77f348da443,165,"$30,565.62 ","$6,590.04 ","$5,043,327.30 ",Lagos,Sea
22ceda52-6642-4afe-9fb4-182222880dd9,169,"$36,340.15 ","$4,211.50 ","$6,141,485.35 ",Calabar,Sea
dd5a77c6-6d1d-4e1a-b34a-520c50793319,634,"$20,602.99 ","$5,428.66 ","$13,062,295.66 ",Calabar,Sea
c6458416-d173-4c2e-9c39-32afe8657a18,180,"$35,098.42 ","$3,193.55 ","$6,317,715.60 ",Warri,Sea
02fc8a52-6fd2-4468-b4ff-9e1b0c6d03af,109,"$37,687.33 ","$8,794.43 ","$4,107,918.97 ",Warri,Sea
ed9fc4b1-a857-4e93-a5d0-8e164553352b,495,"$49,344.94 ","$3,262.03 ","$24,425,745.30 ",Lagos,Sea
517b7810-25a4-4625-a249-f2faa14e0477,595,"$49,952.76 ","$3,880.69 ","$29,721,892.20 ",Calabar,Sea
f1d81207-8419-4229-ae67-d4c2ba97db80,881,"$41,023.60 ","$9,427.30 ","$36,141,791.60 ",Port Harcourt,Sea
e2e30b62-e03f-4820-88f3-b1c8977c148b,760,"$21,238.10 ","$8,712.13 ","$16,140,956.00 ",Lagos,Sea
fa59cb3d-6c2f-4056-90ea-b0c9988061d2,212,"$13,659.53 ","$4,407.05 ","$2,895,820.36 ",Lagos,Sea
744ea3cd-c37c-4794-8259-f52b4d171edc,492,"$23,415.71 ","$3,262.88 ","$11,520,529.32 ",Port Harcourt,Sea
4a709a32-a969-435c-bd78-3e11cd8fcfed,539,"$44,640.26 ","$6,879.90 ","$24,061,100.14 ",Lagos,Sea
55d4f360-94e1-4cd1-b03a-3e46f57e7a0b,795,"$11,706.54 ","$3,838.45 ","$9,306,699.30 ",Lagos,Sea
63646732-931c-481f-96dd-39fad5176996,995,"$19,174.71 ","$7,622.54 ","$19,078,836.45 ",Calabar,Sea
40621c63-48e4-4f71-bcf9-c81a46f3270c,926,"$41,066.23 ","$7,386.88 ","$38,027,328.98 ",Calabar,Sea
542cf698-ef97-431d-8297-cd71b1321136,537,"$18,603.64 ","$5,520.33 ","$9,990,154.68 ",Warri,Sea
4d4b88d3-4fa9-43bd-86d8-cea422d8ae05,364,"$20,676.03 ","$6,076.57 ","$7,526,074.92 ",Lagos,Sea
19cb0196-e738-4353-bbb2-e4b0f7d92e65,296,"$15,129.48 ","$8,612.34 ","$4,478,326.08 ",Lagos,Sea
2ec5c0c0-8e8c-453c-8896-3f1274ab4d27,647,"$24,424.61 ","$4,660.79 ","$15,802,722.67 ",Calabar,Sea
191a9c8e-c7b3-47d4-9c6e-d70f2b567c91,988,"$41,728.32 ","$4,505.70 ","$41,227,580.16 ",Lagos,Sea
a9b4443f-ba19-4995-b0e8-fde10fd7c0cb,774,"$24,784.46 ","$6,047.25 ","$19,183,172.04 ",Lagos,Sea
637aa8a9-cb94-4150-8068-8743daf5dfb6,181,"$12,844.90 ","$4,897.65 ","$2,324,926.90 ",Lagos,Sea
7e8ec4d3-5bcd-4d59-b2bc-0a053192bcba,589,"$38,608.54 ","$2,144.47 ","$22,740,430.06 ",Lagos,Sea
fdbfcfa3-2d63-4967-9a82-7e3a85c29416,282,"$44,740.94 ","$5,574.34 ","$12,616,945.08 ",Lagos,Sea
1e33fde0-6b06-4ede-83d1-dab9e4b47d8a,137,"$15,527.66 ","$8,331.52 ","$2,127,289.42 ",Lagos,Sea
ade37451-9c21-41fd-b084-8de365258a35,689,"$29,393.13 ","$3,650.64 ","$20,251,866.57 ",Lagos,Sea
3010139b-ed61-479a-9a31-7a8a629a7b2c,672,"$10,006.54 ","$8,641.69 ","$6,724,394.88 ",Port Harcourt,Sea
6f127047-e49b-4080-8c56-3a0cbe3921bf,435,"$41,081.23 ","$5,890.73 ","$17,870,335.05 ",Lagos,Sea
2606e606-3bb4-4da3-bb4b-1fd7337d6ad7,847,"$19,595.10 ","$8,836.62 ","$16,597,049.70 ",Calabar,Sea
1c4be060-7033-4af3-a576-c1817aaf1f86,872,"$12,470.14 ","$4,780.03 ","$10,873,962.08 ",Warri,Sea
1476d422-3247-4b00-8288-fa4d058829ef,261,"$18,757.63 ","$2,017.08 ","$4,895,741.43 ",Lagos,Sea
2d8ee415-fffd-4aef-99f1-49bb5f5cb20a,206,"$23,127.65 ","$6,971.83 ","$4,764,295.90 ",Calabar,Sea
ded67522-5d8b-48be-afc3-34508c0ef86c,983,"$32,503.80 ","$5,624.40 ","$31,951,235.40 ",Lagos,Sea
14992971-1d9c-4469-a171-5863370189d2,540,"$40,199.84 ","$9,026.40 ","$21,707,913.60 ",Lagos,Sea
e05c5f72-c9fa-46b6-9080-9e7bee317358,290,"$36,322.87 ","$9,201.40 ","$10,533,632.30 ",Lagos,Sea
f7b20628-6545-45e6-8e70-dfae92d826d5,776,"$37,554.32 ","$6,300.28 ","$29,142,152.32 ",Lagos,Sea
f68d5095-7bd6-4300-884b-6fcd660e6e42,247,"$48,726.71 ","$2,469.69 ","$12,035,497.37 ",Lagos,Sea
25fdc7d5-3310-4766-a823-32824466e400,321,"$14,556.35 ","$5,906.37 ","$4,672,588.35 ",Lagos,Sea
a359f31a-1d6d-4e36-b5d9-9525a38807e6,472,"$24,963.59 ","$3,199.59 ","$11,782,814.48 ",Lagos,Sea
dc916acc-ae18-454b-a5f6-09cb5d89f7e6,155,"$19,830.81 ","$9,336.83 ","$3,073,775.55 ",Lagos,Sea
ecbddb6b-2df4-4e7a-96a3-7032fafb5f56,394,"$10,137.63 ","$9,407.81 ","$3,994,226.22 ",Lagos,Sea
28754c2f-43f7-4786-ba6c-521eb02bbfea,435,"$15,057.51 ","$5,455.60 ","$6,550,016.85 ",Calabar,Sea
6ae19c9f-5780-4a5e-a29c-05decd891039,620,"$35,549.32 ","$2,269.97 ","$22,040,578.40 ",Port Harcourt,Sea
eddf2ba5-baff-459c-b5c6-de8a9dd3ecde,309,"$43,808.94 ","$3,213.71 ","$13,536,962.46 ",Lagos,Sea
0e4c1a24-2d8b-423a-992a-f16efc531a80,898,"$21,737.75 ","$5,661.66 ","$19,520,499.50 ",Lagos,Sea
f786108e-f6ad-4969-a4f9-add6026646f5,518,"$11,462.70 ","$9,321.44 ","$5,937,678.60 ",Warri,Sea
1fe8e6e4-2c1f-42d9-b917-cb669e93be38,264,"$49,192.22 ","$4,003.23 ","$12,986,746.08 ",Port Harcourt,Sea
84fc6b90-a171-45c9-8cf9-ea1726d1340f,329,"$43,020.95 ","$6,895.44 ","$14,153,892.55 ",Calabar,Sea
b697f604-f000-4224-9cd4-959af545388d,493,"$40,539.50 ","$2,449.86 ","$19,985,973.50 ",Lagos,Sea
7020bd5d-e5e9-4150-b08c-1ccdf3527f34,884,"$49,041.91 ","$3,226.31 ","$43,353,048.44 ",Lagos,Sea
1cd26cd5-eea0-4895-a5ed-d181c830b2d1,656,"$15,181.46 ","$8,490.12 ","$9,959,037.76 ",Port Harcourt,Sea
765dfb97-e1c2-4c11-a598-aae200d75332,741,"$47,745.33 ","$7,767.31 ","$35,379,289.53 ",Lagos,Sea
3a7cece7-f2df-49fc-b07b-e0a7f7c8709c,558,"$27,269.50 ","$7,661.93 ","$15,216,381.00 ",Lagos,Sea
23c83e2c-490f-4e48-a41f-411d0c2123a7,967,"$22,317.21 ","$8,745.61 ","$21,580,742.07 ",Calabar,Sea
ac111b85-aca4-435d-a612-3656ec40d35f,708,"$34,554.94 ","$4,062.57 ","$24,464,897.52 ",Lagos,Sea
f86f694c-edb6-45ce-8120-628e1580eae4,150,"$23,193.26 ","$4,943.25 ","$3,478,989.00 ",Warri,Sea
5347eacb-9d93-4ae2-a0b5-83ad9aa541e1,584,"$44,793.37 ","$7,045.51 ","$26,159,328.08 ",Lagos,Sea
30240395-cf68-487b-b3bf-18db05452cf3,357,"$46,900.29 ","$2,786.12 ","$16,743,403.53 ",Port Harcourt,Sea
0a4962f0-fb9b-4048-85c8-957bf2420d28,877,"$30,508.22 ","$7,705.96 ","$26,755,708.94 ",Lagos,Sea
b8601cb3-52a6-45e7-8185-467484409952,118,"$48,123.38 ","$4,260.18 ","$5,678,558.84 ",Lagos,Sea
5b2d5351-38a3-49dd-a4ae-577471ab1e93,347,"$23,501.68 ","$4,710.34 ","$8,155,082.96 ",Lagos,Sea
56abcfe6-e446-46cf-8715-718c33505075,195,"$22,573.75 ","$8,379.05 ","$4,401,881.25 ",Lagos,Sea
affef3e1-9f31-4b16-803e-2a8dc0ce7413,276,"$35,183.88 ","$7,272.88 ","$9,710,750.88 ",Port Harcourt,Sea
0b215338-4bed-4dcb-af9d-f80bb6a40644,489,"$28,847.43 ","$7,921.57 ","$14,106,393.27 ",Lagos,Sea
38e84ec8-3505-4525-b9ee-3db94dc06347,989,"$31,752.95 ","$7,600.60 ","$31,403,667.55 ",Warri,Sea
7c032077-ff7f-4078-8139-ee9d18be022b,564,"$23,783.54 ","$5,997.33 ","$13,413,916.56 ",Warri,Sea
cd4bd509-72c2-4b21-ac07-833409a06266,410,"$42,063.46 ","$8,620.20 ","$17,246,018.60 ",Port Harcourt,Sea
5c9a5f0a-609f-44db-8953-f39d4af77e7e,794,"$22,692.69 ","$4,559.66 ","$18,017,995.86 ",Lagos,Sea
23e06213-4cdd-4fa2-b14f-13dcf874d8bc,780,"$22,739.59 ","$2,869.67 ","$17,736,880.20 ",Lagos,Sea
60e051a2-de0e-4080-abb4-b003ac85147b,997,"$23,337.70 ","$5,441.12 ","$23,267,686.90 ",Lagos,Sea
77ed1c9c-c99b-4981-b9a8-4034a62c66b7,248,"$30,929.20 ","$2,548.66 ","$7,670,441.60 ",Lagos,Sea
bacefc21-9067-40ba-9e2d-ae89eb984aa1,471,"$38,081.70 ","$8,208.72 ","$17,936,480.70 ",Calabar,Sea
cbc0061e-693f-4a4f-825f-257b03a6cf1f,939,"$47,201.02 ","$6,623.62 ","$44,321,757.78 ",Lagos,Sea
95b84952-9b83-4643-8f8c-f06315e60d14,544,"$31,992.21 ","$6,314.66 ","$17,403,762.24 ",Warri,Sea
78340bcc-66c0-4bad-b8ce-d39d7bdf0180,644,"$11,922.17 ","$2,972.84 ","$7,677,877.48 ",Lagos,Sea
bd53a2ad-1372-4da9-849e-01eb8562b1dd,341,"$41,425.59 ","$9,653.47 ","$14,126,126.19 ",Lagos,Sea
6be75ab3-cd18-4047-b313-cca247cb4e9e,961,"$35,793.54 ","$2,956.63 ","$34,397,591.94 ",Lagos,Sea
1fe524c2-b6be-4ab5-bfb3-8d6644cabea6,719,"$31,328.17 ","$4,687.24 ","$22,524,954.23 ",Lagos,Sea
52376ad9-ea5b-4986-8744-0b2d160abe87,350,"$47,157.35 ","$3,777.28 ","$16,505,072.50 ",Lagos,Sea
b9ef393b-134f-43fa-90de-9fbc7b509561,387,"$48,052.05 ","$4,922.24 ","$18,596,143.35 ",Warri,Sea
59d77fb2-c39e-4570-a842-a4901789ba05,199,"$23,511.99 ","$4,799.40 ","$4,678,886.01 ",Lagos,Sea
50722dca-29f4-4732-9a0f-51ff912d0f24,687,"$33,342.97 ","$6,500.51 ","$22,906,620.39 ",Lagos,Sea
58d3df4c-fa81-4c03-9425-3fe45d84bcb7,452,"$12,026.68 ","$3,115.04 ","$5,436,059.36 ",Lagos,Sea
5495e5f0-819d-43aa-822d-6a97d3172675,659,"$49,156.21 ","$8,159.59 ","$32,393,942.39 ",Lagos,Sea
b719cd6a-d7e7-4440-8795-d1c566774598,575,"$10,306.64 ","$4,159.79 ","$5,926,318.00 ",Lagos,Sea
e594d550-3bce-4a66-8a31-a3830eb9013b,608,"$26,360.69 ","$9,315.67 ","$16,027,299.52 ",Lagos,Sea
fc89bb3d-74d9-48ed-a61b-f85aa379b8f3,825,"$44,517.66 ","$7,496.94 ","$36,727,069.50 ",Lagos,Sea
829662ea-6243-4ca4-b770-8efad0895c5e,499,"$39,950.24 ","$6,053.80 ","$19,935,169.76 ",Lagos,Sea
95265f79-fca6-459d-9e00-c2c40f86ef25,410,"$23,384.86 ","$9,149.14 ","$9,587,792.60 ",Port Harcourt,Sea
c6a73284-86f3-4352-b28f-9b40cf4f71b2,743,"$26,050.96 ","$3,800.89 ","$19,355,863.28 ",Lagos,Sea
8a20bced-7ff3-4a34-8a8f-64ce0071a716,600,"$35,084.68 ","$5,515.51 ","$21,050,808.00 ",Warri,Sea
14bfb87a-527d-4712-b2ee-b72ad40c47de,851,"$33,435.72 ","$7,910.73 ","$28,453,797.72 ",Lagos,Sea
dad8602c-e421-4c06-ab7c-22296ddb95c2,435,"$19,481.19 ","$4,810.38 ","$8,474,317.65 ",Warri,Sea
ae119431-a528-4dee-b5df-4fe22621f53b,797,"$19,485.29 ","$3,002.80 ","$15,529,776.13 ",Lagos,Sea
18686336-3c30-4ccb-8d51-a1ae3fba9102,653,"$43,827.24 ","$5,249.10 ","$28,619,187.72 ",Lagos,Sea
7c310f06-3892-4fe9-b608-c195cfe14a39,137,"$22,503.47 ","$4,193.51 ","$3,082,975.39 ",Lagos,Sea
6d989293-275f-4d84-aec4-bd1b53335487,558,"$36,199.92 ","$5,054.37 ","$20,199,555.36 ",Port Harcourt,Sea
4dd15504-c4f5-4c92-8c3c-8f51d5a225b4,315,"$48,540.47 ","$2,187.98 ","$15,290,248.05 ",Lagos,Sea
d9ffffed-6350-4ffd-b759-41f82a1223cf,506,"$37,983.20 ","$5,305.54 ","$19,219,499.20 ",Calabar,Sea
7e15d1f8-650e-48b3-9fd7-569771265868,574,"$13,194.29 ","$8,175.79 ","$7,573,522.46 ",Warri,Sea
ede769ee-4112-4ea5-9d02-fabc283c36e6,744,"$17,166.97 ","$7,770.71 ","$12,772,225.68 ",Warri,Sea
b4aeed8f-6095-45d5-a053-a203aa04599f,230,46533.71,"$4,092.35 ","$10,702,753.30 ",Warri,Sea
5e0cb1ad-3efb-4894-85ee-4611f92133fd,634,"$40,807.39 ","$9,589.53 ","$25,871,885.26 ",Lagos,Sea
cfaf3137-dcc3-4662-bc78-45228d6bfcd5,654,"$30,960.47 ","$9,761.35 ","$20,248,147.38 ",Lagos,Sea
9176fde3-4350-402a-99a8-4661308ae795,490,"$23,893.95 ","$5,788.54 ","$11,708,035.50 ",Calabar,Sea
90b2f4e2-bbf8-4052-b0d6-187a2dbc607e,825,"$42,082.19 ","$5,341.84 ","$34,717,806.75 ",Lagos,Sea
5bc0df90-9237-4549-8639-c182c57ef23c,722,"$46,749.58 ","$4,146.22 ","$33,753,196.76 ",Warri ,Sea
48f760a3-1c96-4772-9802-9ee03aa02fd1,313,"$21,553.66 ","$7,531.22 ","$6,746,295.58 ",Warri,Sea
5969c77b-fb25-4a18-a6d8-ebde4c230fce,337,"$15,499.43 ","$3,381.24 ","$5,223,307.91 ",Lagos,Sea
91db2f0c-9737-4d22-aef6-d9a66cccc576,626,"$42,679.03 ","$7,839.31 ","$26,717,072.78 ",Calabar,Sea
8bf5462e-a246-47a8-b9dd-096676945507,391,"$40,770.50 ","$4,126.14 ","$15,941,265.50 ",Port Harcourt,Sea
c22804d8-de60-4430-a2a0-9aa60a6ccb3a,445,"$20,520.44 ","$6,305.29 ","$9,131,595.80 ",Lagos,Sea
74264825-4fc7-4769-b3fb-2cb6a297f1b4,627,"$28,634.29 ","$6,333.20 ","$17,953,699.83 ",Warri,Sea
cd361bdc-1393-454f-ae29-52ba5371e8a7,298,"$29,848.18 ","$2,491.82 ","$8,894,757.64 ",Calabar,Sea
f24fc1c2-1591-4533-b34b-317806cb57f8,579,"$46,260.70 ","$3,869.83 ","$26,784,945.30 ",Calabar,Sea
4f5e0c6e-b5be-4d4f-9afe-d79cab28b82f,415,"$45,905.28 ","$7,271.19 ","$19,050,691.20 ",Lagos,Sea
3d0c15ae-dbab-455e-8b36-c163283531bc,840,"$49,351.45 ","$4,574.66 ","$41,455,218.00 ",Lagos,Sea
1b0d7399-2ac2-4bf8-b0eb-ceb5d56c4fa4,376,"$35,980.93 ","$7,571.43 ","$13,528,829.68 ",Lagos,Sea
cf499912-8a83-489c-b87c-38908dc33d3e,969,"$33,912.20 ","$6,646.60 ","$32,860,921.80 ",Lagos,Sea
f4a3b20d-f1b2-4e5d-8644-71068b21d087,647,"$40,768.56 ","$8,852.05 ","$26,377,258.32 ",Port Harcourt,Sea
1a2fb1df-913f-43be-9e8c-5a40a192f010,188,"$38,387.23 ","$9,785.67 ","$7,216,799.24 ",Calabar,Sea
157c6e84-9512-4425-a7a4-441b3ddf9a9c,108,"$34,228.64 ","$9,645.39 ","$3,696,693.12 ",Lagos,Sea
b36d26f5-d5f7-41ec-a6e5-30f1776e0c02,275,"$21,247.69 ","$5,273.59 ","$5,843,114.75 ",Lagos,Sea
519aa55d-7611-422f-8cd0-201e937bbf6c,234,"$43,772.23 ","$6,472.47 ","$10,242,701.82 ",Lagos,Sea
7938bedb-42c5-47f7-945e-0bf9dbeb6a41,181,"$46,007.28 ","$9,692.49 ","$8,327,317.68 ",Lagos,Sea
945d408c-03d1-4f2c-909d-058651369c93,750,"$48,870.19 ","$9,474.77 ","$36,652,642.50 ",Lagos,Sea
3766dada-54fd-493e-9880-7ad4f591a98c,611,"$21,839.94 ","$7,020.58 ","$13,344,203.34 ",Calabar,Sea
7697d8c7-0f39-4634-9d1c-6d9a0b6d598b,541,"$49,593.68 ","$5,788.97 ","$26,830,180.88 ",Lagos,Sea
b62f1b4d-7f92-438b-b683-666035ececd6,641,"$36,577.96 ","$7,500.75 ","$23,446,472.36 ",Warri,Sea
b6fe67f9-0a11-4dd6-9ece-a3bf8ed505d6,250,"$19,006.96 ","$8,307.68 ","$4,751,740.00 ",Port Harcourt ,Sea
f8893100-e180-4cff-b0b4-59d4b68c1f10,354,"$29,803.50 ","$8,893.66 ","$10,550,439.00 ",Warri,Sea
1c349271-9544-4dab-95ab-76b67f66a7b2,304,"$35,413.74 ","$2,594.73 ","$10,765,776.96 ",Lagos,Sea
7a0dbd5e-0f72-47a1-83a3-9a94b5891423,121,"$49,472.48 ","$2,772.91 ","$5,986,170.08 ",Calabar,Sea
deefefd9-b050-440d-8def-c943df94fd59,609,"$26,243.24 ","$2,186.16 ","$15,982,133.16 ",Port Harcourt,Sea
0d5004c9-de78-46b8-a309-7c17bbd0b773,303,"$16,552.77 ","$2,426.70 ","$5,015,489.31 ",Lagos,Sea
cef137c8-78c6-4df5-beb5-577c4dd2b3b6,651,"$23,667.26 ","$6,606.14 ","$15,407,386.26 ",Lagos,Sea
56598702-3d34-4942-8cc0-11cf32d139b6,860,"$47,901.59 ","$9,626.54 ","$41,195,367.40 ",Port Harcourt,Sea
8935f18f-b817-4478-a1c5-62df3a6db1b0,144,"$19,564.37 ","$9,750.77 ","$2,817,269.28 ",Lagos,Sea
edac74c1-97b9-458e-9bf7-cf36d41d67ed,878,"$38,183.62 ","$5,032.49 ","$33,525,218.36 ",Lagos,Sea
997220f0-9b1c-41fb-9e2c-445a788cbdf1,910,"$34,668.65 ","$3,347.95 ","$31,548,471.50 ",Calabar,Sea
274853d6-90bd-41da-bbb3-a972943ca065,128,"$13,118.57 ","$7,901.12 ","$1,679,176.96 ",Lagos,Sea
9d38fcfd-22bc-423f-bca8-d07fa170d369,424,"$15,631.78 ","$6,918.65 ","$6,627,874.72 ",Lagos,Sea
49d4d79f-ecac-4f39-9a0d-6c1ff0c0f4fd,824,"$25,390.88 ","$8,773.00 ","$20,922,085.12 ",Lagos,Sea
94484221-267c-49dc-bef7-ab43b73247d1,386,"$12,324.08 ","$8,623.86 ","$4,757,094.88 ",Lagos,Sea
271a74ed-e244-40d3-92ba-5792a5d646d6,197,"$32,460.96 ","$3,462.01 ","$6,394,809.12 ",Lagos,Sea
0431b908-0a3f-4f10-960c-0bacab993d3d,493,"$39,934.19 ","$4,981.33 ","$19,687,555.67 ",Calabar,Sea
b0afd612-a9e9-4b07-9c81-dffed27700f0,337,46796.4,"$3,985.16 ","$15,770,386.80 ",Port Harcourt,Sea
8ebf0d10-1305-4c44-a9fa-1f91013f5a0c,747,"$32,440.35 ","$7,368.96 ","$24,232,941.45 ",Lagos,Sea
f6b8a32e-c7b9-44eb-abfd-841b1d076a6d,871,"$41,177.00 ","$9,144.43 ","$35,865,167.00 ",Lagos,Sea
75092430-6cc1-4c32-8706-be985abd8cfc,396,"$29,664.00 ","$6,786.45 ","$11,746,944.00 ",Port Harcourt,Sea
fa63799b-0d3d-4173-b190-1ccf7719b67f,684,"$19,040.76 ","$4,601.97 ","$13,023,879.84 ",Warri,Sea
fdfc2449-c771-49c1-ab83-fc614535d97a,996,"$17,208.42 ","$6,502.15 ","$17,139,586.32 ",Lagos,Sea
73026273-23f1-4902-8e08-5df420d2bc0a,924,"$40,546.50 ","$6,374.24 ","$37,464,966.00 ",Calabar,Sea
6a360698-782d-4dcf-9077-c1ee8ce9f252,485,"$25,387.80 ","$8,532.36 ","$12,313,083.00 ",Lagos,Sea
26721ae8-b55f-45fd-8b43-5283ed8199b6,985,"$17,927.04 ","$2,110.33 ","$17,658,134.40 ",Lagos,Sea
6e97c319-cd2a-4e26-bf48-8edf756cb7f9,395,"$16,150.30 ","$9,981.99 ","$6,379,368.50 ",Lagos,Sea
1266b0db-866d-4167-8ca1-723d2f9d316f,585,"$36,047.54 ","$7,586.50 ","$21,087,810.90 ",Lagos,Sea
6f58624f-ab7d-43e9-a712-c19b51640d31,579,"$24,022.55 ","$4,183.58 ","$13,909,056.45 ",Port Harcourt,Sea
2eb97d31-0253-41c3-9e43-99fa20969b13,712,"$46,468.26 ","$4,600.33 ","$33,085,401.12 ",Lagos,Sea
70e83d45-38b0-4320-9937-8e53f7817020,310,"$49,484.99 ","$3,040.11 ","$15,340,346.90 ",Lagos,Sea
9a2f2ad3-57c0-4dff-b4d0-02c873160174,496,"$16,337.54 ","$7,374.32 ","$8,103,419.84 ",Port Harcourt,Sea
0935bd0f-217f-45a5-ac79-f39f60c52cf9,699,"$26,065.73 ","$7,877.61 ","$18,219,945.27 ",Lagos,Sea
719c224a-2c1e-43e1-a1a1-388dea5b6992,170,"$20,351.67 ","$3,702.17 ","$3,459,783.90 ",Port Harcourt,Sea
cae98dc5-22f2-4b73-9ebd-0b8be61d643c,708,"$45,286.58 ","$5,659.91 ","$32,062,898.64 ",Lagos,Sea
8cade870-5cec-4f0b-8c0a-11e35529bb3f,608,"$28,314.40 ","$6,615.26 ","$17,215,155.20 ",Lagos,Sea
788e8445-7321-4f7a-8790-3a084ec0bcbb,160,"$17,098.75 ","$4,551.93 ","$2,735,800.00 ",Lagos,Sea
5c5a3621-8990-49af-a530-0f9c183bca35,301,"$49,306.90 ","$7,022.61 ","$14,841,376.90 ",Lagos,Sea
fedf95c1-1139-4df8-b60c-4ed90eeee56e,513,"$39,875.46 ","$4,915.93 ","$20,456,110.98 ",Pot Harcourt,Sea
11459ed8-d814-4064-8726-442b49f44eda,302,"$19,878.50 ","$8,056.92 ","$6,003,307.00 ",Lagoss,Sea
4bb97a92-9f87-47c0-ab1d-f96bf8b25f22,611,"$32,507.66 ","$5,691.95 ","$19,862,180.26 ",Warri,Sea
d4eb52a2-afa5-481a-8be2-f4303b496777,820,"$15,596.18 ","$8,725.66 ","$12,788,867.60 ",Lagos,Sea
d6a19186-c303-4d32-81a1-a9ed4364eecc,472,"$15,687.36 ","$2,000.30 ","$7,404,433.92 ",Calabar,Sea
b8aa3bef-7f12-48a4-99de-ff9b77c9249d,601,"$45,644.07 ","$4,474.64 ","$27,432,086.07 ",Warri,Sea
d5bd568c-31d4-4c35-a607-d8416371ab36,525,"$33,769.46 ","$4,015.30 ","$17,728,966.50 ",Lagos,Sea
91919b75-77c1-4fa2-a044-ed313bc2634c,669,"$18,940.33 ","$2,890.92 ","$12,671,080.77 ",Lagos,Sea
d49e375d-ceaf-4140-97ab-78ca198aa469,142,"$14,677.15 ","$7,760.44 ","$2,084,155.30 ",Warri,Sea
6a322575-1eb2-4851-be21-716ffca85648,388,"$43,524.13 ","$7,427.72 ","$16,887,362.44 ",Lagos,Sea
fe3c5a29-41ef-4700-b72a-fe70ea0ba63e,357,"$25,681.71 ","$5,818.74 ","$9,168,370.47 ",Lagos,Sea
ac975f5e-d0e3-4669-88d9-9de13bc54b59,599,"$46,916.93 ","$8,747.60 ","$28,103,241.07 ",Lagos,Sea
c812f787-6b03-45e9-ab4c-f65dc9f574f2,934,"$19,744.29 ","$8,570.41 ","$18,441,166.86 ",Warri,Sea
61342c9c-3f49-4ebd-987c-500bb6f2872f,581,"$36,715.88 ","$9,369.14 ","$21,331,926.28 ",Lagos,Sea
72d509f5-d727-466e-98a8-16eed0f4889f,807,"$26,045.19 ","$3,752.77 ","$21,018,468.33 ",Lagos,Sea
f9a74772-f344-459a-8c7f-e58f3ee899de,573,"$47,666.72 ","$9,323.90 ","$27,313,030.56 ",Lagos,Sea
1f346363-5285-41c8-8013-bee7999adc71,285,"$31,583.71 ","$7,018.27 ","$9,001,357.35 ",Lagos,Sea
8f226958-295e-4f0d-90f1-36411f8f7826,360,"$25,745.26 ","$6,592.49 ","$9,268,293.60 ",Lagos,Sea
cfc478ba-1103-48a8-9464-75989c2cd5b1,795,"$31,220.79 ","$4,664.78 ","$24,820,528.05 ",Calabar,Sea
a911aab9-64b1-46e6-8f33-d9b9eab5723d,329,"$41,907.39 ","$3,974.45 ","$13,787,531.31 ",Port Harcourt,Sea
52c6ce33-84c6-4157-9bfc-9ee210c39a37,519,"$33,727.94 ","$6,857.59 ","$17,504,800.86 ",Lagos,Sea
f82f1cc2-292a-43a9-9c30-8ecb285efbf8,811,"$36,623.16 ","$8,224.90 ","$29,701,382.76 ",Lagos,Sea
292ffa36-e570-43b2-af7d-2c0f4e0c56e0,497,"$36,446.19 ","$6,203.23 ","$18,113,756.43 ",Warri,Sea
1db98816-9cef-4e5a-8a2f-bd9bdef4b612,427,"$18,212.38 ","$3,741.87 ","$7,776,686.26 ",Lagos,Sea
d4cefe2d-d9f2-42e7-99e0-49c2fb333383,375,"$47,026.19 ","$3,721.51 ","$17,634,821.25 ",Warri,Sea
22b1bf3b-2f74-4714-ac5a-eb7275d14ccc,132,"$16,159.22 ","$8,575.33 ","$2,133,017.04 ",Lagoss,Sea
2eda9123-afeb-43f1-8f1f-2ed0d5b17dde,525,"$45,333.56 ","$8,558.62 ","$23,800,119.00 ",Lagos,Sea
13ca7fd9-b81d-4ce1-ac85-9918cbdefe98,360,"$26,607.04 ","$3,144.34 ","$9,578,534.40 ",Warri,Sea
3e6f3c27-8b12-4cab-901c-50aedcbc9e68,104,"$40,095.35 ","$5,633.91 ","$4,169,916.40 ",Lagos,Sea
40259bbf-07dd-4488-bbbf-68edee2786f2,991,"$31,527.16 ","$3,766.01 ","$31,243,415.56 ",Calabar,Sea
f7ec9513-e91a-4de7-a5f8-474997103946,687,"$31,309.13 ","$5,015.01 ","$21,509,372.31 ",Lagos,Sea
e6098fc4-bac7-496e-8131-514a4e285bc1,813,"$17,261.98 ","$4,878.03 ","$14,033,989.74 ",Lagos,Sea
c6a9d54c-4042-41a3-951c-ca177b2d412b,709,"$23,947.50 ","$6,158.33 ","$16,978,777.50 ",Calabar,Sea
afd5d11b-1c1d-40c9-9dad-1ce7b7c8cc58,173,"$48,027.01 ","$4,082.66 ","$8,308,672.73 ",Warri,Sea
448af293-8266-42e5-afd4-725033313b45,374,"$37,904.80 ","$8,329.34 ","$14,176,395.20 ",Calabar,Sea
9b1227bb-bd56-440e-a51b-94e2cacbb808,378,"$12,485.68 ","$9,250.08 ","$4,719,587.04 ",Calabar,Sea
90789e55-4f00-4254-9a01-653c97e619ef,883,"$31,735.91 ","$8,581.08 ","$28,022,808.53 ",Warri,Sea
7bb70363-51b5-4890-a6fb-9e32f3e477be,491,"$42,937.24 ","$7,776.41 ","$21,082,184.84 ",Lagos,Sea
6bd25a4a-af9b-46b8-a538-7199a22e5d10,276,"$47,090.73 ","$7,019.40 ","$12,997,041.48 ",Lagos,Sea
d8087970-b304-4fd6-b00f-bea579e0cf34,192,"$34,074.97 ","$8,717.55 ","$6,542,394.24 ",Lagos,Sea
e189970d-0d3e-48a0-901e-9d25d99a666b,371,"$36,210.54 ","$3,101.99 ","$13,434,110.34 ",Calabar,Sea
d010840d-31ac-4f92-9641-a3bb670dd3a6,207,"$14,501.74 ","$4,713.01 ","$3,001,860.18 ",Lagos,Sea
fc1b27e9-5ce6-47f7-b5b1-9319de866ac1,765,"$38,984.96 ","$8,638.35 ","$29,823,494.40 ",Warri,Sea
2a90e688-04f2-4181-81d3-a6fc94c8f2ba,673,"$49,924.06 ","$9,726.79 ","$33,598,892.38 ",Lagos,Sea
6186ad66-add9-4fc2-91af-bcf139e760da,884,"$34,327.58 ","$7,035.55 ","$30,345,580.72 ",Lagos,Sea
176fba0d-8ef3-42f8-bf6e-0e16eaabe9e0,951,"$49,548.71 ","$5,274.50 ","$47,120,823.21 ",Lagos,Sea
57995223-809b-4c7b-a76d-edb4329132f0,274,"$46,080.72 ","$5,147.67 ","$12,626,117.28 ",Warri,Sea
3988841d-94bf-4233-a998-e01f95ec8b62,397,"$22,969.04 ","$2,260.45 ","$9,118,708.88 ",Lagos,Sea
ebd27d32-888b-4553-9081-b99498fffad0,615,"$28,067.85 ","$6,284.55 ","$17,261,727.75 ",Port Harcourt,Sea
3d265a68-77b5-4cab-9da1-822074a8b8a3,920,"$44,165.77 ","$4,422.35 ","$40,632,508.40 ",Lagos,Sea
661e00b1-7aed-4c29-8f46-e9129c0826a5,161,"$22,984.27 ","$7,018.74 ","$3,700,467.47 ",Lagos,Sea
da588bc0-bc15-43c2-ab73-e096456aa524,618,"$12,028.51 ","$9,967.48 ","$7,433,619.18 ",Calabar,Sea
4cd8fca1-f582-4ad3-8251-1d08a23cd3e6,109,"$46,963.79 ","$2,316.44 ","$5,119,053.11 ",Port Harcourt,Sea
960ef634-6c46-42ff-9635-b600713f7865,372,"$43,946.38 ","$6,638.27 ","$16,348,053.36 ",Lagos,Sea
b1e88aa4-6843-40be-8636-4631fe6cf1d9,662,"$28,089.29 ","$8,576.50 ","$18,595,109.98 ",Warri,Sea
ad1a868a-b48b-426b-b2c6-4f36f5368078,253,"$13,931.93 ","$2,641.17 ","$3,524,778.29 ",Warri,Sea
9121586a-a6ee-4fbc-8f5f-dec67c0b0533,568,"$37,168.16 ","$8,052.61 ","$21,111,514.88 ",Lagos,Sea
bd1711c1-ebd3-4dfb-b428-a6da1ac9fd50,336,"$35,609.27 ","$7,905.08 ","$11,964,714.72 ",Port Harcourt,Sea
f95a32ad-3048-48f8-ba8e-26904ffce275,720,"$20,018.86 ","$3,870.90 ","$14,413,579.20 ",Lagos,Sea
7d533876-c9ad-4fb5-85e4-e07ff4301f98,192,38775.73,"$5,076.82 ","$7,444,940.16 ",Lagos,Sea
1d5fefc2-e5c3-46e6-af0a-1a4d44fba021,729,"$43,688.56 ","$7,472.00 ","$31,848,960.24 ",Port Harcourt,Sea
a7e3b4b9-2be7-40d1-8b08-3084a7c78bdf,490,"$30,620.60 ","$8,193.51 ","$15,004,094.00 ",Calabar,Sea
f05cca1c-5378-458b-9961-f7f5698c4b41,455,"$42,779.72 ","$6,985.57 ","$19,464,772.60 ",Lagos,Sea
99e62422-6ef3-4a2b-9c2d-2c1d856c09b8,613,"$43,133.82 ","$8,333.20 ","$26,441,031.66 ",Lagos,Sea
88cbd1b1-61bc-4ea6-b641-67beec648e19,807,"$38,087.66 ","$6,847.72 ","$30,736,741.62 ",Lagos,Sea
16512f3d-0be4-4e22-be46-53584419fc6c,259,"$12,895.17 ","$8,669.42 ","$3,339,849.03 ",Port Harcourt,Sea
be0e5b25-b65c-49ca-87de-73ea647e677c,389,"$22,294.64 ","$3,359.32 ","$8,672,614.96 ",Calabar,Sea
c39afca4-0e03-441c-8a25-ba69b66b2b33,821,"$27,842.04 ","$3,404.09 ","$22,858,314.84 ",Lagos,Sea
8d66615c-eb6e-4643-bd1a-000a7f74eb74,965,"$27,453.95 ","$3,730.14 ","$26,493,061.75 ",Warri,Sea
d35b6560-3abb-4cdd-a531-db1c43c6008f,962,"$12,987.93 ","$6,995.20 ","$12,494,388.66 ",Lagos,Sea
babbc232-a81b-4dfd-8c87-6854d95f2a7e,661,"$44,200.43 ","$6,749.68 ","$29,216,484.23 ",Calabar,Sea
f6c36ae2-d44f-4b3a-91bd-6da7053efab2,113,"$47,220.35 ","$6,292.50 ","$5,335,899.55 ",Lagos,Sea
157ef22d-1756-4c86-975d-e5cc27da51e3,459,"$46,065.87 ","$9,128.74 ","$21,144,234.33 ",Lagos,Sea
1b4ef874-9a43-4dbc-a8f0-38f3519100a3,978,"$42,445.04 ","$4,024.20 ","$41,511,249.12 ",Lagos,Sea
17d73648-6ae7-4897-bc29-553b37058ea7,258,"$38,709.41 ","$6,434.73 ","$9,987,027.78 ",Lagos,Sea
e0722592-b2ff-40e4-9ff8-489244ce3eb9,194,"$13,561.52 ","$9,366.61 ","$2,630,934.88 ",Calabar,Sea
69208205-1b08-4bbb-a260-599e0afa92fd,648,"$32,276.01 ","$3,180.07 ","$20,914,854.48 ",Lagos,Sea
01058c13-bbc0-4394-b2b3-cce9ae35be31,212,"$18,804.84 ","$4,332.02 ","$3,986,626.08 ",Lagos,Sea
278b9608-51a9-437e-86c4-15a15f34a857,283,"$18,829.44 ","$3,188.06 ","$5,328,731.52 ",Lagos,Sea
6c6f75c1-e966-4c6d-b2ed-a3376f22f37c,565,"$39,969.30 ","$7,847.11 ","$22,582,654.50 ",Lagos,Sea
99480f80-bbf0-407f-a2cd-479682f1eb80,422,"$19,028.66 ","$9,601.94 ","$8,030,094.52 ",Lagos,Sea
d7d30fab-c064-47bf-b1e5-110335375d89,980,"$36,784.33 ","$3,862.81 ","$36,048,643.40 ",Lagos,Sea
69f09dde-d684-45db-96ef-dcd1431b980c,486,"$31,281.06 ","$3,986.65 ","$15,202,595.16 ",Lagos,Sea
5d38199d-93bc-40e5-b68d-7f7e0bd4edf4,930,"$10,155.64 ","$7,680.10 ","$9,444,745.20 ",Lagos,Sea
730ea044-d1c8-460b-843f-4944f2f40810,517,"$35,729.89 ","$7,932.64 ","$18,472,353.13 ",Lagos,Sea
d7085e7f-09a4-481c-878f-e26d5f79409c,828,"$33,820.94 ","$4,963.47 ","$28,003,738.32 ",Lagos,Sea
ac9ff0ed-f0b8-42f5-9095-60994aa445bb,323,"$17,650.49 ","$7,102.23 ","$5,701,108.27 ",Lagos,Sea
61e328d1-afa2-4ec7-a6ac-6dbc08e4ae38,649,"$20,845.14 ","$2,479.19 ","$13,528,495.86 ",Port Harcourt,Sea
429b5c8b-ecd3-476b-bfc7-d5c579f3a2d4,604,"$10,944.17 ","$5,479.31 ","$6,610,278.68 ",Lagos,Sea
fccbdd6d-cd3e-4049-8dfb-5c3004ed400f,749,"$28,798.52 ","$6,193.18 ","$21,570,091.48 ",Lagos,Sea
f62e670e-19e8-40bd-99ff-f042851183e0,989,"$24,274.45 ","$7,019.72 ","$24,007,431.05 ",Lagos,Sea
f92c91e6-1585-4a7a-b027-6ce735a9dc97,474,"$30,841.13 ","$4,757.91 ","$14,618,695.62 ",Warri,Sea
c9ccbc92-c269-4365-9428-bc0b80d873f3,204,17510.17,"$9,636.04 ","$3,572,074.68 ",Port Harcourt,Sea
78697b9f-91b9-4ca1-a38d-ba2d7383e50a,622,"$11,709.51 ","$2,043.12 ","$7,283,315.22 ",Calabar,Sea
04f37339-0152-43cb-a971-afb777bc5626,378,"$12,746.62 ","$6,086.46 ","$4,818,222.36 ",Lagos,Sea
c522f242-69d5-443b-bdab-ffdff31908f7,516,"$48,437.82 ","$7,508.61 ","$24,993,915.12 ",Warri,Sea
a525f0cd-3ab7-4b46-ba39-dd8e6c64e8ed,893,"$32,511.33 ","$6,398.44 ","$29,032,617.69 ",Lagos,Sea
c646eb1c-3a46-4886-86b7-c0c94be1e4fc,431,"$30,944.44 ","$4,854.76 ","$13,337,053.64 ",Port Harcourt,Sea
77e95767-8b9e-4d7d-acf5-7adb6d420165,963,"$16,009.91 ","$7,849.50 ","$15,417,543.33 ",Warri,Sea
a647fcc4-d62c-4eaa-b09c-d5ad8526f598,597,"$41,654.95 ","$3,911.88 ","$24,868,005.15 ",Lagos,Sea
f30c9cec-5b1e-489d-b064-633ebce8c269,512,"$40,616.94 ","$8,997.44 ","$20,795,873.28 ",Lagos,Sea
1be46ce4-efad-4fb8-857f-3ac2932ddaa5,256,"$17,418.61 ","$4,900.83 ","$4,459,164.16 ",Calabar,Sea
63f2c609-51f0-405a-b20b-f04b08b03b4d,433,"$23,950.53 ","$9,015.97 ","$10,370,579.49 ",Lagos,Sea
35468a81-5f81-4b13-8318-7a193f36d468,957,"$37,340.11 ","$8,532.38 ","$35,734,485.27 ",Lagos,Sea
947aaee9-3dcf-43b8-b84a-5ae91e2b2883,226,"$12,314.65 ","$3,962.41 ","$2,783,110.90 ",Lagos,Sea
f8e2059e-e1af-4ce5-9d91-5672d8e1e8cd,519,"$10,348.61 ","$4,190.31 ","$5,370,928.59 ",Lagos,Sea
1d70cba4-5b0c-4c40-9e2d-351ad876d2cd,922,"$41,854.17 ","$4,970.73 ","$38,589,544.74 ",Lagos,Sea
a162dc25-e77d-433d-8616-eea38d2bbd8e,508,"$31,225.60 ","$8,159.69 ","$15,862,604.80 ",Warri,Sea
b0a7eda0-7787-4e77-8fc0-3a536e75f550,385,"$42,207.48 ","$2,035.10 ","$16,249,879.80 ",Lagos,Sea
7694e744-effe-4ece-b089-5695a1420542,586,"$24,919.56 ","$9,611.18 ","$14,602,862.16 ",Warri,Sea
0d499f15-6644-49bd-96ae-d7f9d0c52d0c,270,"$14,740.11 ","$4,400.06 ","$3,979,829.70 ",Lagos,Sea
7775ab79-fccd-4e05-8a92-522c16b42798,810,"$29,162.35 ","$8,685.33 ","$23,621,503.50 ",Lagos,Sea
742cd8dc-3634-467c-bd31-c258d36fa5e0,320,"$18,171.76 ","$8,433.08 ","$5,814,963.20 ",Warri ,Sea
cbab0330-36d7-4c25-a9cf-5dee99ac4f13,871,"$44,322.34 ","$4,441.17 ","$38,604,758.14 ",Lagos ,Sea
ec00d720-c2db-4268-b235-eb0ea38853f7,172,"$44,869.36 ","$9,892.30 ","$7,717,529.92 ",Port Harcourt,Sea
aed911e5-064b-4345-8ed7-95eadf94477e,692,"$20,019.73 ","$4,532.37 ","$13,853,653.16 ",Lagos,Sea
b18d9e97-76d8-4da0-b5aa-2a13f61b551e,370,"$11,067.38 ","$3,708.85 ","$4,094,930.60 ",Port Harcourt,Sea
6f043005-6793-4b1c-9e17-1388a54d1af9,354,"$16,810.17 ","$7,303.36 ","$5,950,800.18 ",Port Harcourt,Sea
0d27832d-b92d-46ce-8e95-7048b369f348,769,"$48,785.86 ","$9,075.51 ","$37,516,326.34 ",Lagos,Sea
5e090c50-3089-463e-8a86-4b3e45e33bc9,732,"$11,168.28 ","$6,791.68 ","$8,175,180.96 ",Warri,Sea
3b7527ec-6c13-4477-92ff-cead0541b42b,507,"$31,022.30 ","$9,376.50 ","$15,728,306.10 ",Lagos,Sea
fa98010b-a634-424b-8bb9-badc2ad610c3,727,"$38,141.67 ","$2,962.13 ","$27,728,994.09 ",Lagos,Sea
1e2b3839-1fe7-4494-9dbf-8c39f9d5fcc0,141,"$46,391.24 ","$5,976.25 ","$6,541,164.84 ",Pot Harcourt,Sea
d2e2a615-d919-4a74-8d3e-85f121b02ffb,316,"$35,104.26 ","$2,739.19 ","$11,092,946.16 ",Lagos,Sea
becb5d02-0c00-45a7-ad71-c95850e087b7,448,"$22,088.53 ","$2,968.57 ","$9,895,661.44 ",Calabar,Sea
6f77f7b4-70ca-4cca-b24f-4da4081c4d42,786,"$16,810.37 ","$2,778.06 ","$13,212,950.82 ",Calabar,Sea
f3911c1b-be74-41b9-b0b9-ec3782778407,825,"$40,168.05 ","$4,338.22 ","$33,138,641.25 ",Port Harcourt,Sea
8b966d89-8572-45c1-8fe7-a5aacf4945df,471,"$46,139.69 ","$4,274.55 ","$21,731,793.99 ",Lagos,Sea
0821ae63-0965-447e-b56b-71148291ae76,354,"$31,027.21 ","$9,520.25 ","$10,983,632.34 ",Warri,Sea
54e60649-bb01-48f5-a23a-aed92d96eb80,342,"$32,818.79 ","$3,272.06 ","$11,224,026.18 ",Warri,Sea
a1657846-1df1-4335-8595-ebe0decef1d7,869,"$25,911.15 ","$6,977.80 ","$22,516,789.35 ",Calabar,Sea
474667e3-e67b-4190-bb46-d8d01a96725b,670,"$20,355.66 ","$7,635.00 ","$13,638,292.20 ",Lagos,Sea
a7c6c875-b382-4bb0-b12e-5a3b823675c4,606,"$13,144.69 ","$5,052.79 ","$7,965,682.14 ",Lagos,Sea
9f242330-f9ef-446f-bdee-215c16a642a8,860,"$39,176.40 ","$7,591.77 ","$33,691,704.00 ",Warri,Sea
0840f92d-068e-413f-b4a6-55da5e91681a,474,"$18,544.44 ","$5,802.97 ","$8,790,064.56 ",Lagos,Sea
b11cc62d-40c8-401e-84d2-961934d6b12f,604,"$37,692.51 ","$5,514.53 ","$22,766,276.04 ",Port Harcourt,Sea
4c1971f3-2aab-4b5a-a047-7467dd640da8,579,"$40,723.75 ","$7,020.30 ","$23,579,051.25 ",Calabar,Sea
f087afcf-2c3a-457b-8e8f-98b7de6aa676,121,"$39,676.69 ","$4,143.19 ","$4,800,879.49 ",Lagos,Sea
09f1e26d-902e-4a7f-87bb-9f3c1093a33d,420,"$28,193.75 ","$6,419.32 ","$11,841,375.00 ",Warri,Sea
7ab8738f-7aa6-4d62-bb36-1f1a7fdc11ca,987,"$42,840.93 ","$7,044.67 ","$42,283,997.91 ",Lagos,Sea
31c78587-d146-4d3f-9e42-925cdbfb80f4,249,"$28,428.84 ","$5,844.67 ","$7,078,781.16 ",Lagos,Sea
4ef1878d-5e5b-40b1-ac8e-cfb400e8e3f9,905,"$13,158.97 ","$3,692.93 ","$11,908,867.85 ",Lagos,Sea
b8c515f3-2cd1-49df-a6a1-62e1d4a5b263,583,"$31,350.91 ","$7,272.46 ","$18,277,580.53 ",Lagos,Sea
aeeff24a-985e-4e5d-b7e5-730bfb06dd3e,171,"$33,855.64 ","$2,088.86 ","$5,789,314.44 ",Lagos,Sea
9035cf24-0b5f-4201-992f-3937389ea4a7,414,"$26,446.32 ","$9,849.45 ","$10,948,776.48 ",Warri,Sea
662a1552-5583-4479-8d25-01d2766dadc9,940,"$31,473.12 ","$6,282.47 ","$29,584,732.80 ",Lagos,Sea
7cd24f6c-dfd4-4c88-a4eb-db972292688d,859,"$20,798.68 ","$9,677.49 ","$17,866,066.12 ",Port Harcourt,Sea
95abe3bf-51bb-4e8f-a5c3-df62c737c7bb,606,"$27,024.30 ","$3,236.49 ","$16,376,725.80 ",Lagos,Sea
44854bf6-ac80-47f5-b5c0-87a0522bdb2d,915,"$42,823.71 ","$9,917.77 ","$39,183,694.65 ",Lagos,Sea
0ceb59f8-5501-4b64-9f81-0c742486db59,588,"$36,758.76 ","$4,729.76 ","$21,614,150.88 ",Lagos,Sea
2f6c4aa2-fbc7-4129-9da1-3c47737c65fe,305,"$21,673.21 ","$7,611.27 ","$6,610,329.05 ",Lagos,Sea
8cd3453d-f1d7-4fe4-ae68-0cf841ba32c0,215,"$17,273.35 ","$8,601.77 ","$3,713,770.25 ",Lagos,Sea
7dbff227-62e1-4d36-b0f0-d53db3436596,949,"$20,213.71 ","$6,290.74 ","$19,182,810.79 ",Lagos,Sea
994b12a9-bbf9-4ce2-82a3-3e2aaeb95fa4,309,"$17,372.98 ","$4,275.10 ","$5,368,250.82 ",Lagos,Sea
4f9fa0c7-39dd-407a-a175-f860663e363a,647,"$49,738.00 ","$9,900.98 ","$32,180,486.00 ",Lagos,Sea
28fba39d-9a22-44b3-97cd-d9c0800ec294,938,"$29,055.81 ","$3,557.94 ","$27,254,349.78 ",Calabar,Sea
081ae454-5054-4217-9f2c-3014b07114f6,669,"$27,099.76 ","$9,279.52 ","$18,129,739.44 ",Warri,Sea
4437e0ea-dd35-4c4a-85c4-28291a2c4dd1,511,"$25,221.34 ","$4,876.26 ","$12,888,104.74 ",Lagos,Sea
c5c09e76-762c-4e18-92bc-228ef8542a82,586,"$11,765.54 ","$6,000.81 ","$6,894,606.44 ",Lagos,Sea
63afc4ad-c5c7-49ff-a970-383f6d2211da,439,"$40,861.04 ","$6,133.39 ","$17,937,996.56 ",Calabar,Sea
ac03bf88-5740-47e2-a3e3-7d63f8d11399,763,"$42,458.70 ","$6,325.82 ","$32,395,988.10 ",Calabar,Sea
2c5ec38b-1a2c-4532-8990-63b210849ffd,177,"$36,589.22 ","$3,427.72 ","$6,476,291.94 ",Lagos,Sea
22aba903-8900-4791-abd0-fe48f32387c8,531,"$32,237.75 ","$7,713.03 ","$17,118,245.25 ",Port Harcourt,Sea
82a46fb2-5caf-4bd2-954b-0cb36a360223,402,"$14,516.01 ","$7,997.27 ","$5,835,436.02 ",Warri,Sea
ca24142e-1c54-4777-bc20-54e03b5b7f38,741,"$29,609.45 ","$7,089.59 ","$21,940,602.45 ",Port Harcourt,Sea
81205663-5feb-43f7-af42-0eacc5f252f2,469,"$28,403.99 ","$4,747.66 ","$13,321,471.31 ",Port Harcourt,Sea
167cd310-2501-4536-ba80-5776c96617aa,796,"$49,695.31 ","$6,588.39 ","$39,557,466.76 ",Warri,Sea
cbbceb55-7432-4765-afa5-ab60f482a8c5,464,"$17,947.18 ","$4,171.95 ","$8,327,491.52 ",Lagos,Sea
b2a581a9-80b6-4405-980c-252b1a5b7fce,228,"$41,382.33 ","$6,303.59 ","$9,435,171.24 ",Lagos,Sea
9eff9860-1f12-411e-a322-0bcb40e92a24,262,"$13,664.69 ","$7,725.31 ","$3,580,148.78 ",Warri,Sea
6b837cad-4de8-4251-8708-ad440dd15901,768,"$39,606.64 ","$7,529.98 ","$30,417,899.52 ",Lagos,Sea
5fc603ae-77be-4c3d-bc76-889b64480a98,433,"$45,138.76 ","$8,830.96 ","$19,545,083.08 ",Calabar,Sea
f1374c5f-d348-42c4-84dd-9910476a579c,605,"$32,275.27 ","$4,331.41 ","$19,526,538.35 ",Lagos,Sea
096016bc-3d28-4f1d-85f8-ba7c1b175a20,340,"$32,039.53 ","$4,656.61 ","$10,893,440.20 ",Port Harcourt,Sea
5726f440-7849-4dc0-b039-acedd57a73d7,501,"$39,715.39 ","$6,170.93 ","$19,897,410.39 ",Calabar,Sea
2c0a11b0-9c2a-4d52-83bc-129567581b29,105,"$47,676.69 ","$6,392.49 ","$5,006,052.45 ",Lagos,Sea
4c39073a-ff5d-4b7d-93fb-0da2f9c9393e,220,"$18,365.32 ","$9,655.52 ","$4,040,370.40 ",Calabar,Sea
fe82299e-52f1-4cf9-8b0d-2cb703155c8d,516,"$35,244.87 ","$6,455.99 ","$18,186,352.92 ",Lagos,Sea
08b582f9-0b39-455e-8060-e333c476f2b8,204,"$22,765.81 ","$5,848.05 ","$4,644,225.24 ",Lagos,Sea
88287812-bf46-410e-a605-9524904f62ba,359,"$19,044.29 ","$6,879.43 ","$6,836,900.11 ",Lagos,Sea
47dc8ca5-4ddd-4477-97bc-4f22b22056b2,509,"$37,586.95 ","$3,011.25 ","$19,131,757.55 ",Lagos,Sea
57efba9d-e9ea-430f-8574-221e385a540f,893,"$39,070.74 ","$3,989.22 ","$34,890,170.82 ",Lagos,Sea
632d7b3e-424f-4bd3-a115-ba5699ac232d,210,"$16,164.04 ","$5,948.16 ","$3,394,448.40 ",Lagos,Sea
9630645b-7a7c-437e-a932-467cbe0f0275,906,"$42,689.17 ","$3,042.07 ","$38,676,388.02 ",Lagos,Sea
78b9fb64-c551-41fa-a1e0-37f2e28d2f23,911,"$31,182.01 ","$7,840.19 ","$28,406,811.11 ",Warri,Sea
34a9966d-5bc6-46e2-8794-ca17d1f584d3,800,"$44,815.63 ","$8,719.48 ","$35,852,504.00 ",Warri,Sea
8b4f1f55-1d35-4e6f-9655-ec73ccb7db75,662,"$29,217.41 ","$4,929.24 ","$19,341,925.42 ",Warri,Sea
71ceb9db-469a-44dc-bd18-04bb62490071,969,"$18,970.62 ","$4,948.69 ","$18,382,530.78 ",Lagos,Sea
1e6107a9-b9b9-445a-8336-3a082ec5c3df,315,"$30,068.36 ","$5,296.72 ","$9,471,533.40 ",Lagos,Sea
305a950d-4b5a-4f80-821f-01da7b6f9a96,708,"$30,535.43 ","$9,607.32 ","$21,619,084.44 ",Port Harcourt,Sea
167d8adc-16ca-435b-ab7c-262686acf493,287,"$16,862.17 ","$4,233.25 ","$4,839,442.79 ",Port Harcourt,Sea
c75df6e4-dda2-4b97-82d0-ebfa4a3f51fa,563,"$41,130.94 ","$6,706.05 ","$23,156,719.22 ",Lagos,Sea
87449ced-8e03-428a-b131-04319fc9f3bd,778,"$24,299.40 ","$7,503.95 ","$18,904,933.20 ",Lagos,Sea
40851e51-4c88-4a33-9931-6fb663311985,289,"$42,097.15 ","$6,008.62 ","$12,166,076.35 ",Lagos,Sea
8d50c75a-b058-41f1-8c9f-78fdff00563d,272,14549.25,"$7,569.65 ","$3,957,396.00 ",Port Harcourt,Sea
b0062248-4ca5-4bf0-b957-4d9fd15f9f24,690,"$32,888.27 ","$8,503.97 ","$22,692,906.30 ",Lagos,Sea
ca814c56-643a-48c6-88fd-49916844d023,248,"$47,005.31 ","$9,451.99 ","$11,657,316.88 ",Lagos,Sea
96c6805b-59f1-4047-aaba-50986d2f642a,733,"$33,421.87 ","$2,554.29 ","$24,498,230.71 ",Port Harcourt,Sea
dc3462e8-a380-49d6-a899-f55181a12e2e,291,"$46,984.32 ","$3,639.36 ","$13,672,437.12 ",Lagos,Sea
46f794b0-daa3-4efd-bf5a-6ccdc8ce35d0,295,"$37,960.85 ","$4,804.02 ","$11,198,450.75 ",Warri,Sea
acf9a175-2071-4f4c-adda-6be44e977d91,507,"$38,930.96 ","$9,986.20 ","$19,737,996.72 ",Warri,Sea
7f3c07a5-0e44-49e8-8033-3b2b67abce81,666,"$16,418.88 ","$5,763.85 ","$10,934,974.08 ",Lagos,Sea
a0497d48-b0fa-4914-8e00-121ed75676dc,924,"$12,339.82 ","$6,441.71 ","$11,401,993.68 ",Calabar,Sea
e67e756c-9465-4e71-9d0a-4add1fde38c2,419,"$11,329.85 ","$3,545.89 ","$4,747,207.15 ",Lagos,Sea
ac146857-a241-479a-9a5b-21e2b5d05256,913,"$30,290.13 ","$9,751.19 ","$27,654,888.69 ",Lagos,Sea
47194c5c-7c75-4423-b220-3ea9cdafcbf6,710,"$30,593.52 ","$8,558.98 ","$21,721,399.20 ",Lagos,Sea
86d24268-da7c-4eed-b6c4-7af2012c62b7,142,"$28,251.37 ","$7,796.85 ","$4,011,694.54 ",Lagos,Sea
f1aba6e2-77b4-404e-822a-9296b00eb243,291,"$24,012.91 ","$8,318.99 ","$6,987,756.81 ",Lagos,Sea
349ab5c3-459d-47a9-82f8-9ffb9952e1ae,410,"$33,864.48 ","$7,060.48 ","$13,884,436.80 ",Lagos,Sea
f61bc6eb-e060-40d0-aa58-b912622e91d0,941,"$27,078.72 ","$4,676.04 ","$25,481,075.52 ",Lagos,Sea
967262c2-b6c4-47cf-bb83-dbe2a7ff3b3d,323,"$41,562.66 ","$7,492.80 ","$13,424,739.18 ",Lagos,Sea
5b148b97-f899-45ca-a591-7c5d3b35d841,662,"$33,103.72 ","$8,786.60 ","$21,914,662.64 ",Port Harcourt,Sea
054a6ca4-946b-417d-8909-1f01cea13158,568,"$37,507.87 ","$4,346.03 ","$21,304,470.16 ",Lagos,Sea
7a46f295-78f2-46a1-af63-5cb3c681dab6,794,"$38,459.71 ","$6,427.82 ","$30,537,009.74 ",Lagos,Sea
05732ade-4499-4347-995e-fb1fbacde27b,545,"$36,328.03 ","$9,914.95 ","$19,798,776.35 ",Lagos,Sea
130d1489-fcb6-4db2-99bb-6796c887d152,778,"$49,985.86 ","$8,415.43 ","$38,888,999.08 ",Warri,Sea
b0705728-f44b-458d-a8a7-b9358db1a5f5,930,"$37,216.61 ","$4,076.71 ","$34,611,447.30 ",Warri,Sea
c367523b-28f7-4d09-bf21-1191a8cf9231,193,"$31,525.28 ","$7,795.99 ","$6,084,379.04 ",Warri,Sea
a5f94382-f7c0-4d70-9e51-e62a36494fcc,131,"$33,882.16 ","$5,708.85 ","$4,438,562.96 ",Lagos,Sea
7e26a2d4-f05d-47bb-bec4-94e22a1fd14b,634,"$24,679.19 ","$3,215.36 ","$15,646,606.46 ",Lagos,Sea
d571bf36-0305-4129-8b1c-bf969fcdb768,377,"$28,535.67 ","$6,210.24 ","$10,757,947.59 ",Warri,Sea
52153530-7efd-4503-89a6-67c97e947aff,761,"$38,066.85 ","$6,557.50 ","$28,968,872.85 ",Lagos,Sea
a2844509-de3d-4330-a6c7-b5ea9e4cf239,522,"$22,143.33 ","$3,932.05 ","$11,558,818.26 ",Warri,Sea
8f9de782-6a70-411a-8420-16e6e48c6f0b,726,"$24,759.94 ","$3,878.78 ","$17,975,716.44 ",Lagos,Sea
2c29e79f-b092-495b-b004-f294b1db95ec,221,"$37,345.15 ","$7,906.31 ","$8,253,278.15 ",Warri,Sea
ebcaf071-10c5-4aea-b9a0-88b0d87885dc,909,"$12,986.58 ","$5,787.44 ","$11,804,801.22 ",Lagos,Sea
1e555b85-d20e-4654-8d21-56314429f5e3,108,"$37,249.78 ","$4,225.05 ","$4,022,976.24 ",Port Harcourt,Sea
dc6713ca-0ce2-4497-add7-708244e849e8,421,"$30,096.76 ","$2,841.69 ","$12,670,735.96 ",Lagos,Sea
7df18443-b1be-4674-89c6-4cde13111ed9,619,"$13,079.61 ","$2,337.43 ","$8,096,278.59 ",Lagos,Sea
cd00cc54-3428-40dd-9f29-64db900e1361,657,"$42,148.94 ","$5,773.97 ","$27,691,853.58 ",Calabar,Sea
ef9cfe75-4bc6-4723-9e8b-d0479ca123d3,285,"$15,478.05 ","$4,402.63 ","$4,411,244.25 ",Calabar,Sea
8b207f98-3b67-433a-9315-261050f4bc13,564,"$41,667.73 ","$8,576.44 ","$23,500,599.72 ",Lagos,Sea
fe26c8d5-bbe2-4ca7-a309-6fea50164a69,855,"$40,697.77 ","$3,184.83 ","$34,796,593.35 ",Lagos,Sea
22945aaa-8a04-46f7-be28-726222eebbd2,988,"$34,090.05 ","$6,763.49 ","$33,680,969.40 ",Lagos,Sea
28be784d-b2ec-44f9-ae80-7426d8cefeab,430,"$11,566.78 ","$7,435.68 ","$4,973,715.40 ",Lagos,Sea
cf231aef-aad3-49c3-a5c3-8a06c894b9b1,655,"$14,925.52 ","$7,623.92 ","$9,776,215.60 ",Lagos,Sea
a81b9c26-d6ea-4193-8a2d-15bdae4c0acf,646,"$38,364.15 ","$9,462.15 ","$24,783,240.90 ",Calabar,Sea
fd9509cb-355b-4732-a5dc-b2988a2cfc78,859,"$43,851.61 ","$6,799.28 ","$37,668,532.99 ",Port Harcourt,Sea
9b6def26-9219-4b9e-8fc1-5a2e5d6edf27,347,"$42,921.85 ","$8,708.69 ","$14,893,881.95 ",Warri,Sea
8c842bde-97e3-4355-9bdd-108c1e741cfc,823,"$44,241.93 ","$3,183.41 ","$36,411,108.39 ",Lagos,Sea
335fa262-07a8-4c84-aaad-614de350db63,217,"$34,216.05 ","$9,912.43 ","$7,424,882.85 ",Lagos,Sea
66268f5c-f714-4b4f-a192-c2a59836bf73,862,"$10,713.54 ","$4,852.22 ","$9,235,071.48 ",Lagos,Sea
1242c586-a5ad-43c6-8c01-5786762f4cdc,324,"$21,715.79 ","$5,623.25 ","$7,035,915.96 ",Warri,Sea
5540ab88-9c57-4f85-b92b-f0f3c8bedef5,250,"$39,171.51 ","$5,314.78 ","$9,792,877.50 ",Port Harcourt,Sea
33d2d2cb-d82d-4fcb-ad15-76bd323f872b,764,"$43,203.73 ","$8,734.57 ","$33,007,649.72 ",Warri,Sea
3c3a08a3-ed53-4d69-a32a-460490be175a,789,"$45,177.74 ","$7,969.12 ","$35,645,236.86 ",Lagos,Sea
732318bc-f9ff-42eb-aae7-2ebeb3b40994,388,"$14,002.05 ","$7,799.02 ","$5,432,795.40 ",Lagos,Sea
52408f1e-0825-4c68-a5e7-a4101a122859,563,"$21,775.76 ","$2,517.02 ","$12,259,752.88 ",Lagos,Sea
1e50c43a-b40d-46d9-a42a-b4575f4e04b7,793,"$45,126.35 ","$5,472.16 ","$35,785,195.55 ",Lagos,Sea
639c8b79-36ce-44ea-a97e-d420d71263cc,685,"$48,325.91 ","$2,197.46 ","$33,103,248.35 ",Port Harcourt,Sea
02fae874-954d-4760-b67e-9241af2ba3ac,649,"$33,652.55 ","$2,030.30 ","$21,840,504.95 ",Lagos,Sea
a17255a3-415c-46b4-949b-361dc2b0cd36,459,"$30,252.46 ","$2,958.05 ","$13,885,879.14 ",Port Harcourt,Sea
83a533cb-b71b-4700-8eca-a52a3534199a,457,"$16,150.42 ","$9,986.08 ","$7,380,741.94 ",Calabar ,Sea
fe045d24-f395-4cd2-8eb6-cf6e20255574,473,"$30,671.94 ","$7,740.41 ","$14,507,827.62 ",Lagos,Sea
3506a44f-e4b2-44ff-a166-c32ca6581744,709,"$25,837.66 ","$7,576.26 ","$18,318,900.94 ",Calabar,Sea
81716087-3a22-4009-8f54-c9f35a3cdfaf,414,"$42,114.20 ","$5,486.61 ","$17,435,278.80 ",Lagos,Sea
bce97d59-9f79-4ca5-b422-cca4e8203472,476,"$14,011.07 ","$5,099.37 ","$6,669,269.32 ",Calabar,Sea
cae857a5-8a66-4186-a4e2-62921c158418,394,"$46,216.74 ","$4,748.54 ","$18,209,395.56 ",Lagos,Sea
8b5c727f-28ff-4e73-ac6e-d88a9283d356,823,"$27,043.87 ","$3,741.34 ","$22,257,105.01 ",Lagos,Sea
9ada8b1b-c976-49d9-8c2a-7c5a230cd43d,143,"$16,022.18 ","$6,105.63 ","$2,291,171.74 ",Calabar,Sea
b75d9c51-2ee3-43bd-9c1c-cd660724f8d9,594,"$32,943.76 ","$2,699.90 ","$19,568,593.44 ",Warri,Sea
771c43c7-43a0-4b6f-a10d-46732a0de16a,263,"$33,990.48 ","$8,787.78 ","$8,939,496.24 ",Lagos,Sea
05298a3a-735b-4e8f-bd0c-1ec0be156038,401,"$23,465.06 ","$6,456.01 ","$9,409,489.06 ",Lagos,Sea
ab760d16-a4d7-485c-a163-28f241e5fb38,534,"$15,831.82 ","$3,835.13 ","$8,454,191.88 ",Port Harcourt,Sea
a1026ef8-5e1a-4e1e-ad96-fe75bace9b8c,129,"$18,817.41 ","$4,803.29 ","$2,427,445.89 ",Lagos,Sea
d38fb8a3-60d5-4007-9532-7881a3c85b87,398,"$14,862.53 ","$2,323.59 ","$5,915,286.94 ",Lagos,Sea
cba4eb32-d371-49c2-bdc9-81ea79d6dad6,512,"$27,999.61 ","$8,423.80 ","$14,335,800.32 ",Lagos,Sea
ae2f3123-7c0e-4488-bdab-f80476d0fb00,787,"$35,424.54 ","$7,667.60 ","$27,879,112.98 ",Lagos,Sea
bb22c244-26e3-41ba-a279-9cbe958ea18e,566,"$10,637.35 ","$3,020.33 ","$6,020,740.10 ",Calabar,Sea
d244fc96-ebda-4d3d-b00c-b6498fd1aad1,891,"$35,087.34 ","$5,489.92 ","$31,262,819.94 ",Lagos,Sea
dcc046db-4691-4ece-b1f8-272d2cb9e2ca,627,"$49,380.09 ","$3,564.84 ","$30,961,316.43 ",Lagos,Sea
69b5099a-5be0-4ed9-bb59-b82dccd5ef2e,743,"$24,056.22 ","$9,317.83 ","$17,873,771.46 ",Calabar,Sea
591b7b94-848b-4bb7-84c8-6f2713cfd341,775,"$13,645.30 ","$6,202.53 ","$10,575,107.50 ",Warri,Sea
326ec35a-320d-47cb-ac3d-b23388539234,881,"$26,436.88 ","$3,810.84 ","$23,290,891.28 ",Port Harcourt,Sea
82b0c262-b0a6-4679-8b14-6984ae868176,905,"$42,903.63 ","$2,926.81 ","$38,827,785.15 ",Lagos,Sea
f2e29188-9046-43c4-ae0d-54f2bcca59b6,841,"$43,215.55 ","$9,448.55 ","$36,344,277.55 ",Lagos,Sea
e833e63f-eafc-4ae9-93ea-7112ff7bcc72,487,"$48,839.39 ","$6,529.26 ","$23,784,782.93 ",Calabar,Sea
6704ed3c-a559-49e2-93cc-3ad49088f5c7,390,"$38,419.12 ","$7,127.08 ","$14,983,456.80 ",Lagos,Sea
e8c569dc-cbd1-44aa-8d60-34d4c8751d86,409,"$34,153.61 ","$9,814.72 ","$13,968,826.49 ",Lagos,Sea
1241ab19-7f70-4ee7-b8c7-61d1c9a299de,198,"$31,390.01 ","$5,406.99 ","$6,215,221.98 ",Port Harcourt,Sea
01b8d67f-23bb-4833-b63a-259dd541489d,748,"$25,682.21 ","$9,748.12 ","$19,210,293.08 ",Lagos,Sea
c09953c4-5d83-4dd4-9736-a99a8e95cd21,475,"$12,470.79 ","$4,281.38 ","$5,923,625.25 ",Lagos,Sea
de9ae19a-f8d8-4851-8257-901e5fb4fc6b,375,"$14,459.63 ","$7,873.61 ","$5,422,361.25 ",Lagos,Sea
64e14e59-0c09-4067-9465-5bb60e9d8d3f,814,"$30,126.69 ","$4,693.67 ","$24,523,125.66 ",Calabar ,Sea
d7df3077-50ae-4a76-9287-09ed0498ecfe,222,"$28,231.62 ","$7,367.68 ","$6,267,419.64 ",Lagos,Sea
5d5f4882-5b27-400c-b534-50082286426b,190,"$22,327.68 ","$6,223.45 ","$4,242,259.20 ",Lagos,Sea
f37b6ee6-1b84-41f8-be52-2cd3dc5a7dc5,567,"$35,646.93 ","$2,499.84 ","$20,211,809.31 ",Lagos,Sea
05aee403-eff0-4d05-b9dc-8f0daa499e8e,595,"$33,805.15 ","$8,217.57 ","$20,114,064.25 ",Lagos,Sea
0337df79-5f41-45c6-8cd0-3e450d4e6c8a,705,"$20,889.94 ","$5,798.03 ","$14,727,407.70 ",Warri,Sea
e08f61e7-39e2-4bdd-b101-fa135cf3a633,341,"$49,196.09 ","$2,640.45 ","$16,775,866.69 ",Lagos,Sea
87e4ae46-2fb6-4eaa-a541-d5e0d970ac7d,654,"$10,417.46 ","$5,360.66 ","$6,813,018.84 ",Lagos,Sea
900bc5ca-b4a9-4a4a-acf1-47f4a3065662,639,"$35,392.97 ","$6,671.20 ","$22,616,107.83 ",Warri,Sea
3e4c0138-dfbc-42e7-9f46-19b14334ce98,462,"$32,503.80 ","$8,516.97 ","$15,016,755.60 ",Lagos,Sea
0df747db-dae5-45d8-b3e5-7121dda953ef,467,"$13,294.58 ","$4,013.08 ","$6,208,568.86 ",Lagos,Sea
21ccf51d-8913-42b6-920b-0a01fe025347,902,"$26,139.97 ","$4,595.39 ","$23,578,252.94 ",Warri ,Sea
c0bf3981-4df7-48cf-b5a1-b69814be5593,965,"$36,870.00 ","$4,666.84 ","$35,579,550.00 ",Warri,Sea
e2f40ac9-a291-443a-b1ea-d736bfc71690,344,"$11,762.79 ","$5,039.24 ","$4,046,399.76 ",Lagos,Sea
9c5492e0-9a1c-4771-880b-94c44596c682,511,"$31,655.61 ","$8,956.60 ","$16,176,016.71 ",Lagos,Sea
bb60710c-9a66-4138-9406-0be65a2040b4,205,"$19,635.92 ","$4,458.43 ","$4,025,363.60 ",Port Harcourt,Sea
4686ad77-4d55-4364-9c98-350250d0c0f9,522,"$19,308.83 ","$3,240.13 ","$10,079,209.26 ",Warri,Sea
63786f1f-e4c8-431e-aa5a-e3aa5cef4a95,292,"$39,681.37 ","$9,990.57 ","$11,586,960.04 ",Lagos,Sea
3162f805-1133-4ebd-a525-47c9c048bb79,994,"$38,992.61 ","$8,142.85 ","$38,758,654.34 ",Lagos,Sea
47fa42fc-0253-43a2-a930-2b10f23870c0,290,"$18,007.19 ","$9,572.06 ","$5,222,085.10 ",Pot Harcourt,Sea
b6b9426d-0efc-4204-9e3d-b62875be5a65,530,"$14,332.67 ","$8,759.32 ","$7,596,315.10 ",Lagos,Sea
4d47bf33-625c-4069-b7f9-f17632eede25,208,"$31,322.80 ","$7,800.08 ","$6,515,142.40 ",Lagos,Sea
aca71a63-2fa3-4fb9-9acc-be6814ec7d09,797,"$47,976.47 ","$6,541.42 ","$38,237,246.59 ",Lagos,Sea
238d285f-09af-44d1-8dbf-f715937e226c,925,"$13,785.14 ","$8,374.84 ","$12,751,254.50 ",Lagos,Sea
7f0d1c52-038f-49f0-8cae-3b2b617be3db,809,22118.5,"$3,485.39 ","$17,893,866.50 ",Port Harcourt,Sea
02e6f131-907e-4553-8217-c728e1448142,343,"$28,619.01 ","$8,180.16 ","$9,816,320.43 ",Lagos,Sea
03599ced-2978-41d4-b950-2c98dbe6cf49,556,"$46,687.60 ","$6,872.49 ","$25,958,305.60 ",Lagos,Sea
c7bfecc3-a4f3-438b-ae04-f3dfcd82535a,225,"$27,359.34 ","$4,792.70 ","$6,155,851.50 ",Lagos,Sea
34c5926d-b0e6-4ff6-bd3b-3a71b1449704,218,"$18,450.31 ","$3,273.85 ","$4,022,167.58 ",Lagos,Sea
0e324e51-b039-454e-93f5-ca3d2886c2d9,715,"$36,611.18 ","$9,363.95 ","$26,176,993.70 ",Warri,Sea
33d6a03a-6080-4780-84c6-6f38f19d8486,583,"$40,492.17 ","$5,945.15 ","$23,606,935.11 ",Port Harcourt,Sea
e204fa03-0be0-4b89-9c4c-24a175b04380,619,"$35,120.03 ","$4,158.59 ","$21,739,298.57 ",Calabar,Sea
8cbe2f37-2a52-4866-9be6-8e2bfdbfa98f,730,"$49,937.99 ","$9,149.40 ","$36,454,732.70 ",Warri,Sea
47335490-9d27-40ea-accb-741eba868f49,952,"$15,607.62 ","$5,086.57 ","$14,858,454.24 ",Lagos,Sea
0276838f-99c9-440a-978c-c37759c0c3a8,447,"$49,544.50 ","$6,381.92 ","$22,146,391.50 ",Lagos,Sea
3db88034-09ff-45e4-baa9-99032f7393c4,315,"$42,814.92 ","$6,620.22 ","$13,486,699.80 ",Lagos,Sea
99097d9c-ae5c-40eb-bf6d-ff51b7a293d4,504,"$10,656.58 ","$9,979.02 ","$5,370,916.32 ",Lagos ,Sea
